{
  "xgboost_final": {
    "train": {
      "mae": 0.0010108746427692377,
      "rmse": 0.0021510125258829196,
      "r2": 0.9999909014454356
    },
    "test": {
      "mae": 0.0010072892897271945,
      "rmse": 0.002124417957767153,
      "r2": 0.9999910198824277
    },
    "n_features": 103,
    "best_params": {
      "n_estimators": 557,
      "max_depth": 10,
      "learning_rate": 0.17598208780734512,
      "subsample": 0.8943670466722424,
      "colsample_bytree": 0.7326470057790305,
      "colsample_bylevel": 0.9151370382614827,
      "min_child_weight": 7,
      "gamma": 0.021759418019524912,
      "reg_alpha": 0.48484389874139655,
      "reg_lambda": 0.06155584782468715,
      "max_delta_step": 1,
      "random_state": 42,
      "n_jobs": -1,
      "verbosity": 0
    }
  },
  "timestamp": "2025-12-03T04:11:00.914750",
  "cross_validation": {
    "best_model": "XGBoost",
    "n_features": 103,
    "n_samples": 38921
  }
}