{
  "xgboost_final": {
    "train": {
      "mae": 3.0822107791900635,
      "rmse": 4.193505151823952,
      "r2": 0.45440584421157837
    },
    "test": {
      "mae": 3.367297887802124,
      "rmse": 4.580839114218753,
      "r2": 0.35718345642089844
    },
    "n_features": 50,
    "best_params": {
      "n_estimators": 678,
      "max_depth": 6,
      "learning_rate": 0.00552440527145425,
      "subsample": 0.7163315732694969,
      "colsample_bytree": 0.7011732898993545,
      "colsample_bylevel": 0.6964940817848075,
      "min_child_weight": 1,
      "gamma": 1.8491650588618642,
      "reg_alpha": 1.1443191247271745,
      "reg_lambda": 2.172835710987526,
      "max_delta_step": 0,
      "random_state": 42,
      "n_jobs": -1,
      "verbosity": 0
    }
  },
  "timestamp": "2025-12-03T01:11:23.032680",
  "cross_validation": {
    "best_model": "Ridge Regression",
    "n_features": 50,
    "n_samples": 15909
  }
}