{
  "xgboost_final": {
    "train": {
      "mae": 3.0568747520446777,
      "rmse": 4.198940306902175,
      "r2": 0.45299071073532104
    },
    "test": {
      "mae": 3.3556597232818604,
      "rmse": 4.576359014392695,
      "r2": 0.3584402799606323
    },
    "n_features": 80,
    "best_params": {
      "n_estimators": 800,
      "max_depth": 6,
      "learning_rate": 0.016395269179974095,
      "subsample": 0.797377498464567,
      "colsample_bytree": 0.7594581861503967,
      "colsample_bylevel": 0.9810458191865895,
      "min_child_weight": 2,
      "gamma": 1.1715853349755223,
      "reg_alpha": 4.730677078964781,
      "reg_lambda": 2.888717419789388,
      "max_delta_step": 1,
      "random_state": 42,
      "n_jobs": -1,
      "verbosity": 0
    }
  },
  "timestamp": "2025-12-03T02:16:07.222032",
  "cross_validation": {
    "best_model": "Ridge Regression",
    "n_features": 80,
    "n_samples": 15909
  }
}