{
  "xgboost_final": {
    "train": {
      "mae": 0.0006319854309867539,
      "rmse": 0.0026799838772068514,
      "r2": 0.9999858762218335
    },
    "test": {
      "mae": 0.0006281729911710234,
      "rmse": 0.0026191788949860273,
      "r2": 0.9999863500072671
    },
    "n_features": 103,
    "best_params": {
      "n_estimators": 873,
      "max_depth": 5,
      "learning_rate": 0.012618321992285388,
      "subsample": 0.532341930978774,
      "colsample_bytree": 0.9489756135351629,
      "colsample_bylevel": 0.9885295488966144,
      "min_child_weight": 9,
      "gamma": 0.0014653112111830714,
      "reg_alpha": 1.7132822387165287,
      "reg_lambda": 2.7492076397596747,
      "max_delta_step": 5,
      "random_state": 42,
      "n_jobs": -1,
      "verbosity": 0
    }
  },
  "timestamp": "2025-12-03T03:00:13.223641",
  "cross_validation": {
    "best_model": "XGBoost",
    "n_features": 103,
    "n_samples": 38921
  }
}