{
  "xgboost_final": {
    "train": {
      "mae": 0.4169002004103893,
      "rmse": 0.5259356723756369,
      "r2": 0.40375526684858076
    },
    "test": {
      "mae": 0.4327679766587357,
      "rmse": 0.5412587413825763,
      "r2": 0.36536845035284926
    },
    "n_features": 220,
    "best_params": {
      "n_estimators": 1197,
      "max_depth": 4,
      "learning_rate": 0.00946266839319188,
      "subsample": 0.5154466405419104,
      "colsample_bytree": 0.6868346548312438,
      "colsample_bylevel": 0.6864918276907386,
      "min_child_weight": 5,
      "gamma": 1.975111316321272,
      "reg_alpha": 0.16704521725115207,
      "reg_lambda": 9.700008761092107,
      "max_delta_step": 5,
      "random_state": 42,
      "n_jobs": -1,
      "verbosity": 0
    }
  },
  "timestamp": "2025-12-03T19:16:13.330068",
  "cross_validation": {
    "best_model": "Ridge Regression",
    "n_features": 220,
    "n_samples": 15479
  }
}