{
  "xgboost_final": {
    "train": {
      "mae": 1.595388650894165,
      "rmse": 2.151423705921812,
      "r2": 0.7127796411514282
    },
    "test": {
      "mae": 2.1653666496276855,
      "rmse": 2.946093873009063,
      "r2": 0.4640393853187561
    },
    "n_features": 220,
    "best_params": {
      "n_estimators": 616,
      "max_depth": 10,
      "learning_rate": 0.017088977742837495,
      "subsample": 0.7956548163389257,
      "colsample_bytree": 0.686822869541942,
      "colsample_bylevel": 0.5441384145492683,
      "min_child_weight": 14,
      "gamma": 1.4074650965503093,
      "reg_alpha": 14.895633153507045,
      "reg_lambda": 18.515919391015476,
      "max_delta_step": 4,
      "random_state": 42,
      "n_jobs": -1,
      "verbosity": 0
    }
  },
  "timestamp": "2025-12-03T21:16:40.281517",
  "cross_validation": {
    "best_model": "Ridge Regression",
    "n_features": 220,
    "n_samples": 10817
  }
}