{
  "xgboost_final": {
    "train": {
      "mae": 0.45733120881258993,
      "rmse": 0.5606499166719272,
      "r2": 0.3818839096361428
    },
    "test": {
      "mae": 0.502409663235656,
      "rmse": 0.6183631434760102,
      "r2": 0.23916709407318504
    },
    "n_features": 103,
    "best_params": {
      "n_estimators": 644,
      "max_depth": 7,
      "learning_rate": 0.03768425994548177,
      "subsample": 0.872007453377999,
      "colsample_bytree": 0.6853915387905528,
      "colsample_bylevel": 0.9501475179438273,
      "min_child_weight": 8,
      "gamma": 0.4313747163475419,
      "reg_alpha": 4.51629881581588,
      "reg_lambda": 0.3275897689047894,
      "max_delta_step": 3,
      "random_state": 42,
      "n_jobs": -1,
      "verbosity": 0
    }
  },
  "timestamp": "2025-12-03T17:59:24.593029",
  "cross_validation": {
    "best_model": "XGBoost",
    "n_features": 103,
    "n_samples": 38921
  }
}