{
  "xgboost_final": {
    "train": {
      "mae": 3.018186569213867,
      "rmse": 4.132782039998809,
      "r2": 0.47009217739105225
    },
    "test": {
      "mae": 3.3519093990325928,
      "rmse": 4.574669481022176,
      "r2": 0.3589138388633728
    },
    "n_features": 80,
    "best_params": {
      "n_estimators": 795,
      "max_depth": 6,
      "learning_rate": 0.009511869634492671,
      "subsample": 0.6474976030495229,
      "colsample_bytree": 0.6982941829381155,
      "colsample_bylevel": 0.7169462688181653,
      "min_child_weight": 5,
      "gamma": 1.5555512431891354,
      "reg_alpha": 1.586710500766626,
      "reg_lambda": 1.8568413723932728,
      "max_delta_step": 2,
      "random_state": 42,
      "n_jobs": -1,
      "verbosity": 0
    }
  },
  "timestamp": "2025-12-03T00:26:22.716213",
  "cross_validation": {
    "best_model": "Ridge Regression",
    "n_features": 80,
    "n_samples": 15909
  }
}