{
  "xgboost_final": {
    "train": {
      "mae": 4.541841506958008,
      "rmse": 6.100485185182315,
      "r2": 0.5103433132171631
    },
    "test": {
      "mae": 5.56420373916626,
      "rmse": 7.58290260964129,
      "r2": 0.22272193431854248
    },
    "n_features": 50,
    "best_params": {
      "n_estimators": 249,
      "max_depth": 9,
      "learning_rate": 0.06728032621649502,
      "subsample": 0.9237870170713159,
      "colsample_bytree": 0.7345971720146658,
      "min_child_weight": 10,
      "gamma": 0.3861491753875625,
      "reg_alpha": 0.5436049323039821,
      "reg_lambda": 0.5847628551324497,
      "random_state": 42,
      "n_jobs": -1,
      "verbosity": 0
    }
  },
  "timestamp": "2025-12-02T14:46:31.220833",
  "cross_validation": {
    "best_model": "XGBoost",
    "n_features": 50,
    "n_samples": 94025
  }
}