{
  "xgboost_final": {
    "train": {
      "mae": 0.35721515834211015,
      "rmse": 0.45909566683081743,
      "r2": 0.5459624550528803
    },
    "test": {
      "mae": 0.39624696606319537,
      "rmse": 0.5195623340660305,
      "r2": 0.405199678905941
    },
    "n_features": 220,
    "best_params": {
      "n_estimators": 1346,
      "max_depth": 13,
      "learning_rate": 0.0049048845532944805,
      "subsample": 0.5784205885373471,
      "colsample_bytree": 0.6156955292017471,
      "colsample_bylevel": 0.6397759139371182,
      "min_child_weight": 8,
      "gamma": 1.3861519149507744,
      "reg_alpha": 4.962529090363588,
      "reg_lambda": 12.593945748107455,
      "max_delta_step": 1,
      "random_state": 42,
      "n_jobs": -1,
      "verbosity": 0
    }
  },
  "timestamp": "2025-12-03T20:42:21.361549",
  "cross_validation": {
    "best_model": "Ridge Regression",
    "n_features": 220,
    "n_samples": 11343
  }
}