{
  "xgboost_final": {
    "train": {
      "mae": 4.789612293243408,
      "rmse": 6.443704226430233,
      "r2": 0.4536963701248169
    },
    "test": {
      "mae": 5.6410651206970215,
      "rmse": 7.690746087241339,
      "r2": 0.20045596361160278
    },
    "n_features": 10,
    "best_params": {
      "n_estimators": 279,
      "max_depth": 9,
      "learning_rate": 0.04948983982305786,
      "subsample": 0.8433487490568512,
      "colsample_bytree": 0.8259972278293418,
      "min_child_weight": 8,
      "gamma": 0.4452751650031191,
      "reg_alpha": 0.3646769296894261,
      "reg_lambda": 0.3456709784179551,
      "random_state": 42,
      "n_jobs": -1,
      "verbosity": 0
    }
  },
  "timestamp": "2025-11-29T14:35:59.572234",
  "cross_validation": {
    "best_model": "XGBoost",
    "n_features": 10,
    "n_samples": 94025
  }
}