{
  "xgboost_final": {
    "train": {
      "mae": 0.00011900267220366375,
      "rmse": 0.0007377017851377067,
      "r2": 0.9999989298412818
    },
    "test": {
      "mae": 0.00011565230250791174,
      "rmse": 0.0006398071597216829,
      "r2": 0.9999991854827498
    },
    "n_features": 103,
    "best_params": {
      "n_estimators": 699,
      "max_depth": 15,
      "learning_rate": 0.04897304214987514,
      "subsample": 0.774476393649014,
      "colsample_bytree": 0.9949346343383205,
      "colsample_bylevel": 0.9832473987264049,
      "min_child_weight": 1,
      "gamma": 0.00014835676343694613,
      "reg_alpha": 0.5068027497586464,
      "reg_lambda": 4.2010659263959615,
      "max_delta_step": 0,
      "random_state": 42,
      "n_jobs": -1,
      "verbosity": 0
    }
  },
  "timestamp": "2025-12-03T03:19:52.365023",
  "cross_validation": {
    "best_model": "XGBoost",
    "n_features": 103,
    "n_samples": 38921
  }
}