{
  "xgboost_final": {
    "train": {
      "mae": 3.5785651206970215,
      "rmse": 4.92272399361715,
      "r2": 0.42537856101989746
    },
    "test": {
      "mae": 3.791830539703369,
      "rmse": 5.381112814471586,
      "r2": 0.3319302797317505
    },
    "n_features": 103,
    "best_params": {
      "n_estimators": 354,
      "max_depth": 6,
      "learning_rate": 0.043438594688453555,
      "subsample": 0.7257423924305306,
      "colsample_bytree": 0.8034282764658811,
      "colsample_bylevel": 0.9630265895704372,
      "min_child_weight": 3,
      "gamma": 0.8207658460712595,
      "reg_alpha": 3.7777556927152434,
      "reg_lambda": 1.1439908274581123,
      "max_delta_step": 0,
      "random_state": 42,
      "n_jobs": -1,
      "verbosity": 0
    }
  },
  "timestamp": "2025-12-03T03:59:00.735810",
  "cross_validation": {
    "best_model": "XGBoost",
    "n_features": 103,
    "n_samples": 38921
  }
}