{
  "xgboost_final": {
    "train": {
      "mae": 0.481944192695437,
      "rmse": 0.5912590198230485,
      "r2": 0.31254846937113623
    },
    "test": {
      "mae": 0.502046973146827,
      "rmse": 0.617815985290345,
      "r2": 0.24051294327911998
    },
    "n_features": 103,
    "best_params": {
      "n_estimators": 1460,
      "max_depth": 6,
      "learning_rate": 0.009669815921556451,
      "subsample": 0.9008401499821048,
      "colsample_bytree": 0.9057785584557947,
      "colsample_bylevel": 0.5181811052077556,
      "min_child_weight": 15,
      "gamma": 0.011550366435458925,
      "reg_alpha": 7.770577997303992,
      "reg_lambda": 0.67079493993801,
      "max_delta_step": 6,
      "random_state": 42,
      "n_jobs": -1,
      "verbosity": 0
    }
  },
  "timestamp": "2025-12-03T15:38:32.875627",
  "cross_validation": {
    "best_model": "XGBoost",
    "n_features": 103,
    "n_samples": 38921
  }
}