{
  "xgboost_final": {
    "train": {
      "mae": 3.468858480453491,
      "rmse": 4.785493650413655,
      "r2": 0.45696932077407837
    },
    "test": {
      "mae": 3.784090757369995,
      "rmse": 5.384124817352225,
      "r2": 0.3311821222305298
    },
    "n_features": 103,
    "best_params": {
      "n_estimators": 556,
      "max_depth": 6,
      "learning_rate": 0.07190894429784447,
      "subsample": 0.8505953808436681,
      "colsample_bytree": 0.8476536054988683,
      "colsample_bylevel": 0.9112609055478723,
      "min_child_weight": 4,
      "gamma": 0.7970900997460016,
      "reg_alpha": 4.49671569560587,
      "reg_lambda": 4.15782572878348,
      "max_delta_step": 4,
      "random_state": 42,
      "n_jobs": -1,
      "verbosity": 0
    }
  },
  "timestamp": "2025-12-03T03:33:54.756198",
  "cross_validation": {
    "best_model": "XGBoost",
    "n_features": 103,
    "n_samples": 38921
  }
}