{
  "xgboost_final": {
    "train": {
      "mae": 2.9581198692321777,
      "rmse": 4.036356213005919,
      "r2": 0.4945312738418579
    },
    "test": {
      "mae": 3.3593270778656006,
      "rmse": 4.575454505898499,
      "r2": 0.35869377851486206
    },
    "n_features": 50,
    "best_params": {
      "n_estimators": 494,
      "max_depth": 7,
      "learning_rate": 0.009029501244782178,
      "subsample": 0.793102820602085,
      "colsample_bytree": 0.6983441639469827,
      "colsample_bylevel": 0.943711625310313,
      "min_child_weight": 4,
      "gamma": 1.3972745986537858,
      "reg_alpha": 4.483246193863831,
      "reg_lambda": 2.66136413789467,
      "max_delta_step": 3,
      "random_state": 42,
      "n_jobs": -1,
      "verbosity": 0
    }
  },
  "timestamp": "2025-12-03T01:28:15.074289",
  "cross_validation": {
    "best_model": "Ridge Regression",
    "n_features": 50,
    "n_samples": 15909
  }
}