{
  "xgboost_final": {
    "train": {
      "mae": 0.4737548177384611,
      "rmse": 0.5814458036121343,
      "r2": 0.33517857620197866
    },
    "test": {
      "mae": 0.5013280708094165,
      "rmse": 0.616981760948949,
      "r2": 0.24256259834772798
    },
    "n_features": 103,
    "best_params": {
      "n_estimators": 893,
      "max_depth": 6,
      "learning_rate": 0.026326350445068328,
      "subsample": 0.8048886475615743,
      "colsample_bytree": 0.7030763722434693,
      "colsample_bylevel": 0.9888267144366029,
      "min_child_weight": 10,
      "gamma": 0.6288095931423698,
      "reg_alpha": 9.984966875494207,
      "reg_lambda": 0.5525638388575931,
      "max_delta_step": 6,
      "random_state": 42,
      "n_jobs": -1,
      "verbosity": 0
    }
  },
  "timestamp": "2025-12-03T16:29:54.002195",
  "cross_validation": {
    "best_model": "XGBoost",
    "n_features": 103,
    "n_samples": 38921
  }
}