{
  "xgboost_final": {
    "train": {
      "mae": 4.88789701461792,
      "rmse": 6.564019018300254,
      "r2": 0.4331050515174866
    },
    "test": {
      "mae": 5.598453521728516,
      "rmse": 7.615509129997943,
      "r2": 0.21602296829223633
    },
    "n_features": 50,
    "best_params": {
      "n_estimators": 112,
      "max_depth": 9,
      "learning_rate": 0.08382190419814745,
      "subsample": 0.9607881291348572,
      "colsample_bytree": 0.7515995522038043,
      "min_child_weight": 6,
      "gamma": 0.11376475182679543,
      "reg_alpha": 0.3491399955716932,
      "reg_lambda": 0.7251100288549672,
      "random_state": 42,
      "n_jobs": -1,
      "verbosity": 0
    }
  },
  "timestamp": "2025-12-02T16:13:05.420384",
  "cross_validation": {
    "best_model": "XGBoost",
    "n_features": 50,
    "n_samples": 94025
  }
}