{
  "xgboost_final": {
    "train": {
      "mae": 0.0006889140578695779,
      "rmse": 0.001751512863936502,
      "r2": 0.9999939672797342
    },
    "test": {
      "mae": 0.0006712438349937527,
      "rmse": 0.0016420824137204665,
      "r2": 0.9999946347249014
    },
    "n_features": 103,
    "best_params": {
      "n_estimators": 800,
      "max_depth": 14,
      "learning_rate": 0.00895055325875088,
      "subsample": 0.7512977659171641,
      "colsample_bytree": 0.9409073290463769,
      "colsample_bylevel": 0.9459077226643285,
      "min_child_weight": 2,
      "gamma": 0.0055473831627623135,
      "reg_alpha": 0.5947700486709137,
      "reg_lambda": 0.5019020315847151,
      "max_delta_step": 5,
      "random_state": 42,
      "n_jobs": -1,
      "verbosity": 0
    }
  },
  "timestamp": "2025-12-03T03:44:51.484429",
  "cross_validation": {
    "best_model": "XGBoost",
    "n_features": 103,
    "n_samples": 38921
  }
}