{
  "xgboost_final": {
    "train": {
      "mae": 0.46196359912141716,
      "rmse": 0.5666810795352704,
      "r2": 0.36851367498063536
    },
    "test": {
      "mae": 0.5015552925282764,
      "rmse": 0.6174797415952158,
      "r2": 0.24133941345042187
    },
    "n_features": 220,
    "best_params": {
      "n_estimators": 1044,
      "max_depth": 7,
      "learning_rate": 0.0367849315915936,
      "subsample": 0.7895563860453924,
      "colsample_bytree": 0.5757341759945547,
      "colsample_bylevel": 0.9625635729346966,
      "min_child_weight": 6,
      "gamma": 0.12601013059684665,
      "reg_alpha": 4.849216186586765,
      "reg_lambda": 1.5572642904552534,
      "max_delta_step": 1,
      "random_state": 42,
      "n_jobs": -1,
      "verbosity": 0
    }
  },
  "timestamp": "2025-12-03T18:49:41.159270",
  "cross_validation": {
    "best_model": "XGBoost",
    "n_features": 220,
    "n_samples": 38921
  }
}