{
  "xgboost_final": {
    "train": {
      "mae": 3.5987844467163086,
      "rmse": 4.974860890039453,
      "r2": 0.4131423234939575
    },
    "test": {
      "mae": 3.7848074436187744,
      "rmse": 5.372162003142933,
      "r2": 0.33415091037750244
    },
    "n_features": 103,
    "best_params": {
      "n_estimators": 1039,
      "max_depth": 6,
      "learning_rate": 0.016770009629874266,
      "subsample": 0.6505133922149722,
      "colsample_bytree": 0.657704480237226,
      "colsample_bylevel": 0.6692798506410856,
      "min_child_weight": 5,
      "gamma": 1.7069481708109078,
      "reg_alpha": 2.8485905189846528,
      "reg_lambda": 4.570891008879098,
      "max_delta_step": 9,
      "random_state": 42,
      "n_jobs": -1,
      "verbosity": 0
    }
  },
  "timestamp": "2025-12-03T04:27:09.787983",
  "cross_validation": {
    "best_model": "XGBoost",
    "n_features": 103,
    "n_samples": 38921
  }
}