{
  "xgboost_final": {
    "train": {
      "mae": 3.337812662124634,
      "rmse": 4.615497208713551,
      "r2": 0.4948645234107971
    },
    "test": {
      "mae": 3.769101619720459,
      "rmse": 5.3609406878451615,
      "r2": 0.3369296193122864
    },
    "n_features": 80,
    "best_params": {
      "n_estimators": 622,
      "max_depth": 7,
      "learning_rate": 0.02153394444437713,
      "subsample": 0.6905028226264232,
      "colsample_bytree": 0.7003394529268252,
      "colsample_bylevel": 0.8854693311708187,
      "min_child_weight": 8,
      "gamma": 0.36725053342273384,
      "reg_alpha": 4.573633617719128,
      "reg_lambda": 3.695562480987373,
      "max_delta_step": 5,
      "random_state": 42,
      "n_jobs": -1,
      "verbosity": 0
    }
  },
  "timestamp": "2025-12-02T21:52:53.556060",
  "cross_validation": {
    "best_model": "XGBoost",
    "n_features": 80,
    "n_samples": 38921
  }
}