{
  "xgboost_final": {
    "train": {
      "mae": 1.699075698852539,
      "rmse": 2.2909098907293157,
      "r2": 0.6743288040161133
    },
    "test": {
      "mae": 2.1637794971466064,
      "rmse": 2.943842756425782,
      "r2": 0.46485811471939087
    },
    "n_features": 220,
    "best_params": {
      "n_estimators": 808,
      "max_depth": 8,
      "learning_rate": 0.015601920672849556,
      "subsample": 0.6872852979286602,
      "colsample_bytree": 0.632768481404871,
      "colsample_bylevel": 0.9647891772687729,
      "min_child_weight": 9,
      "gamma": 0.9912687820260011,
      "reg_alpha": 13.209912377394076,
      "reg_lambda": 10.969684153711722,
      "max_delta_step": 9,
      "random_state": 42,
      "n_jobs": -1,
      "verbosity": 0
    }
  },
  "timestamp": "2025-12-03T20:09:40.298998",
  "cross_validation": {
    "best_model": "Ridge Regression",
    "n_features": 220,
    "n_samples": 10817
  }
}