feature,importance
Delayed_time_original,0.48449212
Delayed_time_original_x_freight_value,0.33669707
Delayed_time_original_squared,0.16244948
Delayed_time_original_div_review_score,0.01574426
Delayed_time_original_div_freight_value,0.00060625665
Delayed_time_original_x_review_score,1.0759787e-05
product_category_name_informatica_acessorios,0.0
customer_state_TO,0.0
seller_state_ES,0.0
payment_sequential,0.0
product_category_name_musica,0.0
product_category_name_artes_e_artesanato,0.0
customer_state_RR,0.0
product_category_name_automotivo,0.0
seller_state_PR,0.0
payment_type_Debit Card,0.0
product_category_name_relogios_presentes,0.0
customer_state_MG,0.0
product_category_name_moveis_decoracao,0.0
product_name_lenght,0.0
product_category_name_ferramentas_jardim,0.0
customer_state_PE,0.0
customer_state_AP,0.0
customer_state_RN,0.0
seller_state_SP,0.0
product_category_name_bebes,0.0
customer_state_BA,0.0
product_category_name_eletronicos,0.0
seller_state_MS,0.0
seller_state_RS,0.0
product_category_name_esporte_lazer,0.0
Delayed_time_original_x_review_score_squared,0.0
customer_state_RJ_div_freight_value,0.0
customer_state_SP_div_freight_value,0.0
customer_state_SP_div_customer_state_RJ,0.0
review_score_div_freight_value,0.0
review_score_div_customer_state_RJ,0.0
review_score_div_customer_state_SP,0.0
Delayed_time_original_div_customer_state_RJ,0.0
Delayed_time_original_div_customer_state_SP,0.0
customer_state_RJ_x_freight_value,0.0
customer_state_SP_x_freight_value,0.0
customer_state_SP_x_customer_state_RJ,0.0
review_score_x_freight_value,0.0
review_score_x_customer_state_RJ,0.0
review_score_x_customer_state_SP,0.0
Delayed_time_original_x_customer_state_RJ,0.0
Delayed_time_original_x_customer_state_SP,0.0
product_category_name_construcao_ferramentas_construcao,0.0
customer_state_RS,0.0
payment_type_Voucher,0.0
payment_type_Credit Card,0.0
customer_zip_code_prefix,0.0
customer_state_SE,0.0
product_category_name_cool_stuff,0.0
product_category_name_cama_mesa_banho,0.0
product_category_name_audio,0.0
seller_zip_code_prefix,0.0
product_description_lenght,0.0
customer_state_PA,0.0
customer_state_PR,0.0
seller_state_MA,0.0
product_category_name_moveis_escritorio,0.0
customer_state_CE,0.0
customer_state_ES,0.0
customer_state_MS,0.0
product_category_name_malas_acessorios,0.0
customer_state_RJ,0.0
customer_state_AL,0.0
product_weight_g,0.0
customer_state_SP,0.0
product_height_cm,0.0
price,0.0
payment_value,0.0
review_score,0.0
freight_value,0.0
product_category_name_beleza_saude,0.0
customer_state_SC,0.0
product_category_name_consoles_games,0.0
product_category_name_eletrodomesticos,0.0
product_category_name_dvds_blu_ray,0.0
product_category_name_livros_tecnicos,0.0
product_category_name_construcao_ferramentas_jardim,0.0
customer_state_PI,0.0
seller_state_RJ,0.0
product_category_name_livros_importados,0.0
product_category_name_papelaria,0.0
customer_state_MA,0.0
customer_state_MT,0.0
seller_state_DF,0.0
seller_state_MG,0.0
payment_installments,0.0
customer_state_PB,0.0
product_category_name_livros_interesse_geral,0.0
customer_state_GO,0.0
product_category_name_market_place,0.0
product_length_cm,0.0
seller_state_BA,0.0
product_category_name_fashion_bolsas_e_acessorios,0.0
product_category_name_perfumaria,0.0
customer_state_DF,0.0
product_photos_qty,0.0
Delayed_time_original_div_review_score_squared,0.0
