feature,importance
review_score,0.35050982
customer_state_SP,0.13842134
customer_state_MG,0.023141343
customer_zip_code_prefix,0.019465301
customer_state_PR,0.014908498
customer_state_RJ,0.014659216
customer_state_DF,0.013784176
seller_state_RJ,0.011099983
freight_value,0.010602432
product_category_name_beleza_saude,0.010212727
customer_state_CE,0.010205941
customer_state_PI,0.009775438
seller_state_MA,0.009636273
product_category_name_cama_mesa_banho,0.009483051
seller_zip_code_prefix,0.009190668
price,0.008689695
product_category_name_moveis_decoracao,0.008669049
customer_state_SE,0.00859786
product_category_name_casa_conforto,0.008426091
product_category_name_bebes,0.008081346
product_category_name_brinquedos,0.0080606695
payment_value,0.008049016
customer_state_RS,0.008044494
product_weight_g,0.008011841
product_category_name_perfumaria,0.0077220015
product_description_lenght,0.0076934015
product_name_lenght,0.007498391
customer_state_BA,0.007487573
customer_state_MS,0.0074769505
product_length_cm,0.007414839
seller_state_SC,0.0072226333
product_height_cm,0.007197372
product_photos_qty,0.007058667
product_category_name_fashion_underwear_e_moda_praia,0.007047733
customer_state_MT,0.006925036
customer_state_PE,0.006910009
product_category_name_eletronicos,0.0068906657
customer_state_SC,0.0068752747
customer_state_GO,0.0067996993
customer_state_ES,0.0067054015
product_category_name_relogios_presentes,0.0065185637
product_category_name_livros_tecnicos,0.0064834314
payment_installments,0.0062542865
product_category_name_telefonia,0.0061934213
customer_state_PA,0.0060039745
customer_state_AL,0.0059219515
customer_state_MA,0.005770208
payment_sequential,0.0057267477
product_category_name_esporte_lazer,0.0057123513
payment_type_Credit Card,0.005669387
product_category_name_fashion_calcados,0.005547842
product_category_name_pet_shop,0.0055051534
product_category_name_telefonia_fixa,0.0054874867
product_category_name_automotivo,0.0052730488
payment_type_Debit Card,0.005260691
product_category_name_informatica_acessorios,0.0052222074
seller_state_PR,0.0051157265
customer_state_RN,0.0050968113
seller_state_GO,0.0045111524
customer_state_PB,0.0043825856
product_category_name_cool_stuff,0.004361785
customer_state_TO,0.0042538675
product_category_name_audio,0.00413291
product_category_name_construcao_ferramentas_iluminacao,0.0036529056
product_category_name_construcao_ferramentas_seguranca,0.0033336775
product_category_name_tablets_impressao_imagem,0.0033259736
product_category_name_artigos_de_natal,0.0032261093
product_category_name_fashion_esporte,0.0029926293
product_category_name_eletrodomesticos,0.002877514
product_category_name_alimentos,0.0025222776
product_category_name_artes,0.0021844425
product_category_name_moveis_cozinha_area_de_servico_jantar_e_jardim,0.0020509986
product_category_name_sinalizacao_e_seguranca,0.0019069818
product_category_name_industria_comercio_e_negocios,0.0015265417
seller_state_MS,0.00090177194
seller_state_RN,0.00044066596
customer_state_RR,0.0
product_category_name_moveis_colchao_e_estofado,0.0
product_category_name_casa_conforto_2,0.0
product_category_name_artigos_de_festas,0.0
