feature,importance
review_score_squared,0.25730488
review_score,0.19611982
review_score_div_freight_value,0.029601196
customer_state_RJ_div_freight_value,0.0119632995
customer_state_SP_div_freight_value,0.011858646
customer_state_RJ_x_freight_value,0.011856163
customer_state_PR,0.011549801
customer_state_MG,0.010929684
customer_state_RS,0.010007708
freight_value_x_customer_zip_code_prefix,0.00991944
review_score_div_customer_zip_code_prefix,0.009907934
customer_state_MS,0.009294254
customer_state_RJ_x_customer_zip_code_prefix,0.009090604
review_score_x_customer_zip_code_prefix,0.008891758
customer_state_CE,0.008670797
review_score_x_customer_state_RJ,0.008535916
review_score_div_customer_state_RJ,0.008474641
review_score_x_customer_state_SP,0.008366943
product_category_name_instrumentos_musicais,0.00813093
product_category_name_fashion_bolsas_e_acessorios,0.007945165
payment_sequential,0.00786007
seller_state_RJ,0.0075265015
customer_state_SP_div_customer_zip_code_prefix,0.007363185
product_category_name_construcao_ferramentas_construcao,0.0073420894
customer_state_SC,0.0072830184
product_category_name_beleza_saude,0.00711135
product_category_name_bebes,0.007032845
product_category_name_papelaria,0.006876864
freight_value,0.006805348
review_score_div_customer_state_SP,0.0065736463
seller_state_PR,0.0064653642
price,0.0064134174
customer_state_SP_x_customer_zip_code_prefix,0.006410065
seller_state_BA,0.0063464222
freight_value_div_customer_zip_code_prefix,0.0063347444
customer_state_BA,0.006332506
payment_type_Voucher,0.006270067
customer_zip_code_prefix,0.006220682
customer_state_RN,0.006135862
payment_type_Debit Card,0.005903625
product_category_name_moveis_decoracao,0.005699768
customer_state_DF,0.005650187
payment_value,0.0055658477
review_score_x_freight_value,0.0055559343
product_category_name_informatica_acessorios,0.005515094
customer_state_SE,0.005477951
seller_state_MA,0.0054530855
seller_zip_code_prefix,0.005403609
seller_state_MG,0.0053988313
product_category_name_relogios_presentes,0.0053030387
customer_state_SP_x_freight_value,0.0052925926
customer_state_RJ_div_customer_zip_code_prefix,0.0052416623
customer_state_AL,0.005207617
product_length_cm,0.005089258
product_category_name_automotivo,0.005023787
product_description_lenght,0.004980727
customer_state_GO,0.0049615875
customer_state_ES,0.004950402
seller_state_DF,0.00490896
customer_state_PB,0.004877752
customer_state_PE,0.0047998196
product_photos_qty,0.004764865
seller_state_SC,0.0046505965
product_weight_g,0.004596551
product_height_cm,0.0045916364
customer_state_MA,0.004564956
product_category_name_cama_mesa_banho,0.0045584133
product_name_lenght,0.0043596467
product_category_name_malas_acessorios,0.0043476587
payment_installments,0.0043198536
product_category_name_esporte_lazer,0.004180187
product_category_name_telefonia,0.004127335
customer_state_MT,0.0040902197
product_category_name_ferramentas_jardim,0.0040667397
payment_type_Credit Card,0.0040589245
product_category_name_cool_stuff,0.0040366454
customer_state_PI,0.0040097954
customer_state_RJ,0.0038848002
product_category_name_pet_shop,0.003704206
customer_state_PA,0.0036651765
product_category_name_livros_tecnicos,0.0036540427
product_category_name_consoles_games,0.003546412
product_category_name_alimentos,0.0033675334
customer_state_TO,0.003175175
product_category_name_artigos_de_natal,0.002820605
product_category_name_brinquedos,0.002677554
product_category_name_fashion_roupa_masculina,0.0024513493
product_category_name_casa_construcao,0.0022156723
product_category_name_musica,0.0021287696
review_score_div_customer_state_SP_squared,0.0
customer_state_SP,0.0
customer_state_SP_div_customer_state_RJ,0.0
product_category_name_casa_conforto_2,0.0
product_category_name_livros_importados,0.0
customer_state_RR,0.0
product_category_name_audio,0.0
product_category_name_sinalizacao_e_seguranca,0.0
customer_state_SP_x_customer_state_RJ,0.0
product_category_name_market_place,0.0
seller_state_GO,0.0
product_category_name_fashion_esporte,0.0
product_category_name_artigos_de_festas,0.0
review_score_x_customer_state_SP_squared,0.0
