feature,importance
review_score,0.24367595
review_score_cubed,0.19039975
review_score_squared,0.18307032
review_score_div_log_distance_cubed,0.012147287
seller_avg_delay_x_log_distance_cubed,0.011986931
seller_avg_delay_x_log_distance,0.009809757
review_score_div_log_distance,0.009558588
review_score_div_log_distance_squared,0.009383729
seller_avg_delay_x_seller_delay_rate,0.007384999
seller_avg_delay_div_seller_delay_rate,0.0057024565
review_score_div_is_long_distance,0.0053611416
seller_median_delay_x_seller_delay_rate,0.0051927622
seller_avg_delay_cubed,0.004998908
review_score_x_seller_median_delay,0.004734255
review_score_div_seller_std_delay,0.0045158905
seller_delay_rate_x_log_distance,0.004212036
seller_avg_delay,0.0041793976
customer_state_PR,0.003387383
review_score_div_seller_delay_rate,0.0033551855
seller_avg_delay_x_distance_km,0.003301859
product_category_name_informatica_acessorios,0.0031937943
log_distance_div_customer_state_SP,0.0031027421
seller_median_delay_div_log_distance,0.003079498
payment_type_Voucher,0.003054286
log_distance_div_distance_km,0.002954233
seller_delay_rate,0.002841901
seller_avg_delay_x_global_delay_rolling_30d,0.0027758435
seller_median_delay,0.0027239067
seller_median_delay_x_log_distance,0.0026105982
seller_avg_delay_squared,0.0025969562
log_distance_x_customer_state_SP,0.002540828
review_score_div_seller_median_delay,0.0025218786
seller_std_delay_x_is_long_distance,0.002520958
customer_state_AL,0.0025133707
review_score_div_customer_state_SP,0.0024846175
seller_std_delay_div_is_long_distance,0.0024794182
customer_state_SC,0.0024521335
seller_avg_delay_x_log_distance_squared,0.0024200792
product_category_name_brinquedos,0.002408251
seller_avg_delay_div_log_distance,0.0023710309
review_score_x_log_distance_squared,0.0023020345
seller_delay_rate_x_global_delay_rolling_30d,0.0022873026
seller_avg_delay_x_seller_median_delay,0.002281774
product_category_name_cool_stuff,0.002248
global_delay_rolling_30d_x_distance_km,0.0022427477
seller_avg_delay_div_is_long_distance,0.0022105328
review_score_div_seller_avg_delay,0.0021993928
customer_state_RJ,0.0021933701
review_score_x_seller_std_delay,0.002185359
seller_delay_rolling_90d,0.0021622148
review_score_x_log_distance,0.0021619436
seller_state_MG,0.0021203433
seller_state_PR,0.0020997631
seller_avg_delay_x_is_long_distance,0.0020972453
seller_std_delay_x_customer_state_SP,0.0020914285
customer_state_SP_x_distance_km,0.0020879894
review_score_x_customer_state_SP,0.0020596145
review_score_x_seller_avg_delay,0.002042738
customer_state_MG,0.002037621
seller_std_delay_x_global_delay_rolling_30d,0.0020096444
global_delay_rolling_30d_div_customer_state_SP,0.0020093299
seller_std_delay_div_customer_state_SP,0.0019986916
global_delay_rolling_30d_x_is_long_distance,0.0019966417
customer_state_PA,0.0019891092
seller_std_delay_x_log_distance,0.00198215
seller_avg_delay_div_distance_km,0.0019721803
product_category_name_papelaria,0.0019632198
global_delay_rolling_30d_div_is_long_distance,0.0019537979
customer_state_ES,0.0019306743
seller_delay_std_rolling_90d,0.0019259934
seller_std_delay,0.0018991651
global_delay_rolling_30d_x_log_distance,0.0018897644
seller_delay_rolling_30d,0.001884058
product_category_name_cama_mesa_banho,0.0018825221
global_delay_rolling_30d_div_log_distance,0.0018643802
seller_delay_rate_x_distance_km,0.001833664
seller_median_delay_x_distance_km,0.001811927
customer_state_GO,0.0018112287
freight_value,0.0018034386
seller_avg_delay_x_seller_std_delay,0.0017846769
product_category_name_telefonia,0.001777191
seller_delay_rate_div_is_long_distance,0.0017767024
log_distance_x_is_long_distance,0.0017684235
product_category_name_ferramentas_jardim,0.0017654081
seller_delay_rate_div_log_distance,0.001752307
customer_state_DF,0.0017338201
seller_avg_delay_div_seller_std_delay,0.0017170601
seller_delay_rate_div_distance_km,0.001710054
global_delay_rolling_30d,0.0017088023
review_score_x_seller_delay_rate,0.0016973676
seller_delay_rate_div_seller_std_delay,0.0016916225
seller_median_delay_x_is_long_distance,0.001690865
seller_median_delay_x_global_delay_rolling_30d,0.0016872612
seller_avg_delay_div_seller_median_delay,0.0016842228
product_category_name_moveis_decoracao,0.0016815554
seller_delay_rate_x_is_long_distance,0.0016761316
review_score_div_global_delay_rolling_30d,0.0016751864
customer_zip_code_prefix,0.0016693292
seller_std_delay_div_log_distance,0.0016598584
seller_state_SP,0.0016573272
seller_delay_rolling_7d,0.0016483543
review_score_x_global_delay_rolling_30d,0.0016421193
seller_delay_rate_div_global_delay_rolling_30d,0.0016384332
review_score_x_distance_km,0.00162496
customer_state_SP_div_distance_km,0.0016082986
customer_lng,0.0016067446
seller_delay_std_rolling_30d,0.0016030936
seller_state_RJ,0.0015979612
global_delay_rolling_30d_div_distance_km,0.0015959998
review_score_x_log_distance_cubed,0.0015949352
seller_median_delay_div_distance_km,0.0015921168
distance_km_x_is_long_distance,0.0015898825
global_delay_rolling_30d_x_customer_state_SP,0.0015876599
seller_order_count,0.0015811588
seller_std_delay_div_global_delay_rolling_30d,0.0015771749
seller_delay_max_rolling_7d,0.0015756211
seller_lng,0.0015589686
seller_delay_max_rolling_30d,0.0015544227
payment_sequential,0.0015519105
product_category_name_beleza_saude,0.0015511995
seller_delay_std_rolling_7d,0.0015511625
payment_installments,0.0015464242
seller_std_delay_div_distance_km,0.001544741
seller_std_delay_x_distance_km,0.0015432473
price,0.0015418087
product_category_name_bebes,0.0015412228
payment_value,0.0015238241
distance_km_div_is_long_distance,0.0015161986
seller_delay_max_rolling_90d,0.0015146399
seller_avg_freight,0.0015079138
log_distance_div_is_long_distance,0.0015064101
product_category_name_fashion_bolsas_e_acessorios,0.0015030059
product_description_lenght,0.0014994624
seller_delay_rate_x_customer_state_SP,0.0014922571
customer_state_MS,0.0014714258
review_score_div_distance_km,0.0014694111
distance_per_freight,0.0014688057
seller_zip_code_prefix,0.0014668657
review_score_x_is_long_distance,0.0014667388
seller_delay_rate_x_seller_std_delay,0.0014637741
customer_lat,0.0014556157
customer_state_MA,0.0014547813
product_name_lenght,0.0014507234
seller_avg_delay_x_customer_state_SP,0.0014483699
payment_type_Credit Card,0.001434758
seller_median_delay_div_is_long_distance,0.0014321522
distance_km,0.001430824
seller_median_delay_div_global_delay_rolling_30d,0.001428501
seller_lat,0.0014262666
seller_avg_delay_div_global_delay_rolling_30d,0.0014234323
product_weight_g,0.0013945126
seller_avg_price,0.0013764406
seller_median_delay_x_customer_state_SP,0.0013640036
product_height_cm,0.0013579108
seller_median_delay_div_seller_delay_rate,0.0013502033
product_length_cm,0.0013440504
seller_median_delay_div_seller_std_delay,0.0012494023
customer_state_RS,0.0012389622
product_photos_qty,0.0012218918
log_distance,0.001214325
log_distance_x_distance_km,0.0012127408
product_category_name_esporte_lazer,0.0011993307
seller_avg_delay_div_customer_state_SP,0.0011755645
seller_median_delay_x_seller_std_delay,0.0011722061
product_category_name_relogios_presentes,0.0011663841
seller_delay_rate_div_customer_state_SP,0.001092519
product_category_name_livros_interesse_geral,0.0010261626
product_category_name_casa_conforto,0.0010246165
product_category_name_automotivo,0.0009950466
product_category_name_eletronicos,0.0009717864
customer_state_BA,0.00096926565
seller_median_delay_div_customer_state_SP,0.000963953
customer_state_CE,0.00080715143
product_category_name_construcao_ferramentas_construcao,0.0005781368
product_category_name_alimentos,0.00025909208
seller_state_DF,0.00019651258
payment_type_Debit Card,0.00017893524
product_category_name_fashion_esporte,0.0
customer_state_SP_div_is_long_distance,0.0
product_category_name_livros_tecnicos,0.0
customer_state_RN,0.0
customer_state_TO,0.0
product_category_name_eletrodomesticos,0.0
product_category_name_moveis_sala,0.0
product_category_name_cine_foto,0.0
product_category_name_fashion_calcados,0.0
product_category_name_telefonia_fixa,0.0
product_category_name_artes,0.0
seller_state_CE,0.0
customer_state_AM,0.0
product_category_name_casa_construcao,0.0
product_category_name_industria_comercio_e_negocios,0.0
product_category_name_moveis_cozinha_area_de_servico_jantar_e_jardim,0.0
customer_state_MT,0.0
product_category_name_malas_acessorios,0.0
customer_state_PE,0.0
product_category_name_pet_shop,0.0
product_category_name_fashion_underwear_e_moda_praia,0.0
customer_state_PB,0.0
product_category_name_consoles_games,0.0
product_category_name_construcao_ferramentas_jardim,0.0
customer_state_RR,0.0
product_category_name_audio,0.0
is_long_distance,0.0
seller_state_BA,0.0
customer_state_PI,0.0
product_category_name_climatizacao,0.0
customer_state_SE,0.0
seller_state_MA,0.0
customer_state_SP_x_is_long_distance,0.0
product_category_name_tablets_impressao_imagem,0.0
customer_state_RO,0.0
product_category_name_dvds_blu_ray,0.0
seller_state_GO,0.0
product_category_name_construcao_ferramentas_seguranca,0.0
seller_state_RS,0.0
customer_state_SP,0.0
product_category_name_casa_conforto_2,0.0
product_category_name_artes_e_artesanato,0.0
product_category_name_instrumentos_musicais,0.0
