feature,importance
review_score,0.14897108
customer_state_SP,0.0830102
customer_state_RJ,0.039688878
customer_state_MG,0.029881442
customer_state_PR,0.023517862
customer_state_CE,0.019037876
product_category_name_fashion_bolsas_e_acessorios,0.015179659
customer_state_DF,0.014997974
seller_state_PR,0.014158274
product_category_name_bebes,0.014100929
customer_state_SC,0.014093594
customer_state_RS,0.013776552
customer_state_MS,0.013766571
seller_state_MA,0.013742274
customer_zip_code_prefix,0.013703055
seller_state_RJ,0.013657822
freight_value,0.012769962
seller_state_MG,0.011749591
product_category_name_cama_mesa_banho,0.01169829
customer_state_PA,0.011666284
product_category_name_beleza_saude,0.011647216
product_category_name_instrumentos_musicais,0.011349606
product_category_name_construcao_ferramentas_construcao,0.011265762
product_category_name_informatica_acessorios,0.0111337295
product_category_name_papelaria,0.011047261
product_category_name_relogios_presentes,0.01052766
seller_state_DF,0.010407878
product_category_name_esporte_lazer,0.0103880055
customer_state_BA,0.010350842
payment_sequential,0.010208979
product_category_name_moveis_decoracao,0.010161415
price,0.010056384
seller_zip_code_prefix,0.010049329
customer_state_GO,0.0100488765
customer_state_AL,0.009911675
product_category_name_automotivo,0.009831392
payment_value,0.009510377
seller_state_SC,0.009488555
product_category_name_telefonia,0.009451979
customer_state_ES,0.009443979
customer_state_MA,0.009294175
product_category_name_perfumaria,0.009156913
payment_type_Voucher,0.009068622
customer_state_PE,0.008725795
product_length_cm,0.008697131
product_category_name_moveis_escritorio,0.008647777
product_category_name_brinquedos,0.008415524
product_description_lenght,0.00832846
product_category_name_ferramentas_jardim,0.008180588
product_weight_g,0.008145509
product_height_cm,0.008048939
product_photos_qty,0.008013069
product_category_name_consoles_games,0.007981271
product_category_name_cool_stuff,0.007951262
payment_type_Debit Card,0.007949875
product_name_lenght,0.007864591
product_category_name_malas_acessorios,0.0077873264
customer_state_SE,0.0074933292
payment_installments,0.0074850954
product_category_name_pet_shop,0.0074700518
product_category_name_casa_conforto,0.007388791
customer_state_MT,0.0071664574
product_category_name_eletrodomesticos,0.0067849634
product_category_name_eletroportateis,0.0067301043
customer_state_PB,0.0067087226
customer_state_PI,0.006581887
product_category_name_market_place,0.006511229
product_category_name_eletronicos,0.005984851
customer_state_RN,0.005824144
seller_state_BA,0.0056586387
product_category_name_audio,0.0054723523
product_category_name_livros_interesse_geral,0.0052170916
seller_state_GO,0.0048139896
seller_state_PE,0.0042162323
product_category_name_moveis_cozinha_area_de_servico_jantar_e_jardim,0.0040216167
product_category_name_sinalizacao_e_seguranca,0.00343877
product_category_name_flores,0.0033257212
product_category_name_livros_importados,0.0
product_category_name_casa_conforto_2,0.0
seller_state_RN,0.0
