feature,importance
review_score,0.40730485
customer_state_SP,0.105466105
customer_state_MG,0.031577367
customer_zip_code_prefix,0.019782897
seller_state_RJ,0.016888281
customer_state_RJ,0.016653212
customer_state_CE,0.014890342
freight_value,0.013886045
customer_state_PR,0.013814166
customer_state_DF,0.013198518
product_category_name_beleza_saude,0.01298057
product_category_name_casa_conforto,0.0121281585
seller_state_MA,0.012099432
customer_state_PA,0.012034698
customer_state_PE,0.011957411
customer_state_SE,0.011641766
product_category_name_bebes,0.011171875
product_category_name_brinquedos,0.011072826
product_category_name_moveis_decoracao,0.010994732
seller_zip_code_prefix,0.010560553
customer_state_MA,0.010554792
customer_state_BA,0.010213755
product_category_name_relogios_presentes,0.010138192
price,0.010118155
customer_state_ES,0.01001424
payment_value,0.009806391
product_category_name_esporte_lazer,0.009615709
product_weight_g,0.009588249
customer_state_SC,0.009560423
product_description_lenght,0.00945052
product_height_cm,0.009143223
product_category_name_informatica_acessorios,0.009052732
seller_state_PR,0.008960702
product_length_cm,0.008765322
product_name_lenght,0.008567634
product_category_name_automotivo,0.008485672
payment_installments,0.008371884
customer_state_AL,0.008319997
product_photos_qty,0.008058279
product_category_name_eletronicos,0.0074429517
product_category_name_artigos_de_natal,0.0072634043
product_category_name_artes,0.0071396893
payment_type_Credit Card,0.006830254
customer_state_TO,0.0060318704
customer_state_PB,0.005856241
product_category_name_tablets_impressao_imagem,0.0042960043
product_category_name_eletrodomesticos,0.0042895447
product_category_name_alimentos,0.00396046
product_category_name_casa_conforto_2,0.0
product_category_name_artigos_de_festas,0.0
