feature,importance
review_score,0.32091913
customer_state_SP,0.14387114
customer_state_MG,0.028342644
customer_zip_code_prefix,0.023378477
customer_state_RJ,0.023058396
freight_value,0.01872801
customer_state_PR,0.01762908
customer_state_CE,0.015977258
customer_state_DF,0.015272688
product_category_name_beleza_saude,0.014237276
product_category_name_casa_conforto,0.013934771
seller_zip_code_prefix,0.012670623
seller_state_RJ,0.012665247
customer_state_SE,0.012432305
price,0.012189911
product_category_name_bebes,0.012029799
product_category_name_moveis_decoracao,0.011947957
seller_state_MA,0.01176553
product_category_name_artigos_de_natal,0.011567458
customer_state_PE,0.011110361
payment_value,0.011090058
product_weight_g,0.010943069
product_height_cm,0.010697607
product_description_lenght,0.010687918
product_category_name_casa_conforto_2,0.0106065
customer_state_PA,0.01056648
product_length_cm,0.010191372
product_name_lenght,0.010055455
customer_state_SC,0.010031673
product_category_name_relogios_presentes,0.009795005
seller_state_PR,0.009670102
customer_state_ES,0.009575703
customer_state_MA,0.009392812
product_photos_qty,0.009382995
product_category_name_brinquedos,0.009358066
customer_state_BA,0.009344731
product_category_name_esporte_lazer,0.0092809405
product_category_name_automotivo,0.008999536
payment_installments,0.008952153
customer_state_AL,0.008644455
product_category_name_alimentos,0.0082331775
product_category_name_informatica_acessorios,0.008187734
product_category_name_eletronicos,0.0076920134
product_category_name_tablets_impressao_imagem,0.0073489333
payment_type_Credit Card,0.007223201
customer_state_PB,0.0060948962
product_category_name_artes,0.00524211
product_category_name_eletrodomesticos,0.004794709
customer_state_TO,0.0041884906
product_category_name_artigos_de_festas,0.0
