feature,importance
review_score,0.29179612
review_score_squared,0.27665672
review_score_x_customer_state_SP,0.012947592
review_score_div_freight_value,0.0110163335
customer_state_MG,0.010743222
customer_state_RJ_x_freight_value,0.009444312
review_score_div_customer_state_SP,0.008745924
customer_state_RJ,0.008502264
customer_state_BA,0.008437563
seller_state_MA,0.008297135
customer_state_SP_div_freight_value,0.007795702
customer_state_AL,0.0077517196
customer_state_PR,0.0076384586
customer_state_RJ_div_freight_value,0.00755392
freight_value,0.007350532
review_score_div_customer_zip_code_prefix,0.0072733676
customer_state_SP_x_customer_zip_code_prefix,0.007081042
product_category_name_cool_stuff,0.007039167
freight_value_x_customer_zip_code_prefix,0.006884537
seller_state_MG,0.0068209134
review_score_div_customer_state_RJ,0.0066675832
review_score_x_freight_value,0.0066067874
customer_state_RJ_x_customer_zip_code_prefix,0.0064581507
customer_state_SP_div_customer_zip_code_prefix,0.006303845
product_category_name_alimentos,0.006268756
customer_zip_code_prefix,0.0062199105
customer_state_DF,0.006186786
customer_state_SP_x_freight_value,0.006128489
seller_state_RJ,0.006075711
customer_state_CE,0.006046445
customer_state_TO,0.00591622
review_score_x_customer_zip_code_prefix,0.005646159
review_score_x_customer_state_RJ,0.005625849
payment_value,0.0053699776
payment_type_Credit Card,0.0052622315
price,0.005211894
product_category_name_cama_mesa_banho,0.0050966116
freight_value_div_customer_zip_code_prefix,0.0050533772
seller_zip_code_prefix,0.0050019785
product_category_name_beleza_saude,0.004843533
customer_state_RS,0.004798019
seller_state_BA,0.004593247
product_length_cm,0.0045518777
product_height_cm,0.004507185
payment_installments,0.004469036
product_category_name_informatica_acessorios,0.0044366457
product_description_lenght,0.004354874
customer_state_MS,0.0042447145
product_weight_g,0.0042405464
product_name_lenght,0.004208142
product_category_name_fashion_bolsas_e_acessorios,0.004190038
product_photos_qty,0.0041650436
product_category_name_eletronicos,0.0041586366
customer_state_PI,0.004139712
customer_state_RJ_div_customer_zip_code_prefix,0.0041352315
review_score_div_customer_state_SP_squared,0.0040925415
customer_state_ES,0.0040883985
seller_state_PR,0.004084115
product_category_name_eletroportateis,0.0040634354
product_category_name_moveis_decoracao,0.0040227026
product_category_name_telefonia,0.004002308
product_category_name_esporte_lazer,0.0038762933
product_category_name_malas_acessorios,0.003864811
customer_state_SC,0.003831688
product_category_name_automotivo,0.0038308243
customer_state_MA,0.0038290746
product_category_name_construcao_ferramentas_construcao,0.0038260703
product_category_name_perfumaria,0.0037450227
payment_sequential,0.003730612
product_category_name_brinquedos,0.0036985972
product_category_name_bebes,0.0036591708
product_category_name_consoles_games,0.0035926811
payment_type_Voucher,0.0034124989
product_category_name_relogios_presentes,0.003408724
product_category_name_pet_shop,0.0033964533
customer_state_GO,0.0032657
customer_state_PE,0.0032384181
product_category_name_ferramentas_jardim,0.0031842089
seller_state_DF,0.0030347004
seller_state_RS,0.002900674
product_category_name_eletrodomesticos,0.0028839202
product_category_name_market_place,0.002761124
seller_state_GO,0.0017154628
product_category_name_fashion_roupa_masculina,0.0
customer_state_SP,0.0
customer_state_SE,0.0
customer_state_PA,0.0
product_category_name_artigos_de_natal,0.0
customer_state_SP_div_customer_state_RJ,0.0
product_category_name_musica,0.0
product_category_name_flores,0.0
customer_state_PB,0.0
product_category_name_sinalizacao_e_seguranca,0.0
customer_state_MT,0.0
product_category_name_construcao_ferramentas_jardim,0.0
customer_state_SP_x_customer_state_RJ,0.0
customer_state_RR,0.0
customer_state_RN,0.0
product_category_name_fashion_underwear_e_moda_praia,0.0
product_category_name_artes_e_artesanato,0.0
product_category_name_tablets_impressao_imagem,0.0
product_category_name_audio,0.0
review_score_x_customer_state_SP_squared,0.0
