feature,importance
review_score,0.16851966
review_score_squared,0.16215314
review_score_cubed,0.092419356
review_score_div_customer_state_SP,0.028317943
review_score_div_customer_state_SP_squared,0.026926655
customer_state_SP,0.014710325
review_score_div_customer_zip_code_prefix_squared,0.0109848995
customer_state_CE,0.0103901215
freight_value_div_customer_state_AL,0.007826803
review_score_x_customer_state_SP_squared,0.007824669
customer_state_MG,0.0070091323
review_score_div_freight_value,0.0061824396
freight_value_x_customer_state_AL,0.0061641056
customer_state_PR,0.006127497
seller_state_MA,0.0060364567
product_category_name_alimentos,0.006016477
review_score_div_customer_zip_code_prefix_cubed,0.00599741
review_score_x_customer_state_MA,0.0058893505
seller_state_RS,0.0055175815
customer_state_SP_div_freight_value,0.0055070817
product_category_name_cool_stuff,0.005470576
review_score_div_customer_zip_code_prefix,0.0053234966
freight_value_x_customer_zip_code_prefix,0.0053147045
customer_state_RJ_x_freight_value,0.0051890872
payment_type_Debit Card,0.0051780394
customer_state_RJ_div_freight_value,0.005171183
review_score_x_customer_zip_code_prefix,0.005147433
product_category_name_livros_tecnicos,0.0050085476
customer_state_MS,0.004795475
customer_state_SE,0.0047536283
seller_state_RJ,0.004495904
seller_state_MG,0.004463257
customer_zip_code_prefix_div_customer_state_CE,0.0043762513
customer_zip_code_prefix_div_customer_state_MA,0.004357145
customer_state_SP_x_customer_zip_code_prefix,0.004357066
customer_state_RJ_x_customer_zip_code_prefix,0.0043158694
customer_state_SP_x_freight_value,0.0041780462
freight_value,0.004149743
freight_value_div_customer_state_CE,0.0041480935
customer_state_DF,0.004130012
review_score_div_customer_state_AL,0.0041143587
freight_value_x_customer_state_BA,0.004093912
freight_value_div_customer_state_BA,0.0040807715
review_score_x_customer_state_SP,0.0040291105
customer_zip_code_prefix_x_customer_state_BA,0.0040081013
customer_state_SP_div_customer_zip_code_prefix,0.0039475285
customer_state_ES,0.0038832796
review_score_x_freight_value,0.0038268405
customer_state_RS,0.0038170582
review_score_x_customer_state_AL,0.0038012879
customer_state_PI,0.0037462763
seller_state_SC,0.0037454795
freight_value_div_customer_state_PA,0.0037436802
review_score_x_customer_state_RJ,0.003720204
product_category_name_fashion_bolsas_e_acessorios,0.0037175925
freight_value_div_customer_state_MA,0.0036938458
review_score_div_customer_state_RJ,0.0036216981
customer_state_RJ_div_customer_zip_code_prefix,0.0036209316
customer_zip_code_prefix,0.0036099358
product_category_name_cama_mesa_banho,0.0036066826
product_category_name_moveis_escritorio,0.0036022046
seller_state_PE,0.003601631
product_category_name_eletroportateis,0.0035666863
price,0.0035551456
product_category_name_construcao_ferramentas_construcao,0.0035441888
product_category_name_livros_interesse_geral,0.0035384689
payment_value,0.0035326078
product_category_name_eletrodomesticos,0.0035294853
freight_value_x_customer_state_CE,0.003527806
product_category_name_malas_acessorios,0.00352651
review_score_div_customer_state_MA,0.0035252846
freight_value_div_customer_zip_code_prefix,0.0035223914
customer_zip_code_prefix_x_customer_state_MA,0.0034794607
seller_state_BA,0.003437357
customer_state_PE,0.0034226903
payment_sequential,0.0033931355
product_category_name_beleza_saude,0.0033503578
product_category_name_informatica_acessorios,0.0033481289
payment_type_Credit Card,0.0033471186
seller_zip_code_prefix,0.0033460208
product_category_name_papelaria,0.0033310193
freight_value_x_customer_state_PA,0.0033149389
product_category_name_esporte_lazer,0.0032183272
product_category_name_pet_shop,0.0032096184
product_category_name_automotivo,0.0032069124
customer_state_GO,0.003187966
customer_zip_code_prefix_x_customer_state_CE,0.0031715618
customer_state_MT,0.0031366306
seller_state_DF,0.0031310876
seller_state_SP,0.0031286336
customer_state_PB,0.0031146596
review_score_x_customer_state_BA,0.003112107
product_description_lenght,0.003087952
seller_state_PR,0.003087479
product_length_cm,0.0030810868
review_score_div_customer_state_BA,0.003079122
product_category_name_instrumentos_musicais,0.0030651568
customer_zip_code_prefix_div_customer_state_BA,0.0030614077
customer_state_TO,0.0030322773
product_weight_g,0.0030196826
product_height_cm,0.0030132704
product_category_name_perfumaria,0.003011046
product_category_name_brinquedos,0.0029788767
payment_installments,0.002942304
product_category_name_telefonia,0.002940325
customer_state_SC,0.0028968672
product_category_name_moveis_decoracao,0.0028821183
product_category_name_bebes,0.0028437676
payment_type_Voucher,0.0028177972
freight_value_x_customer_state_MA,0.0028064742
seller_state_ES,0.0028064211
customer_zip_code_prefix_div_customer_state_AL,0.0027967985
product_photos_qty,0.0027752062
customer_zip_code_prefix_x_customer_state_AL,0.0027585735
product_name_lenght,0.0027576077
customer_zip_code_prefix_div_customer_state_PA,0.0027404763
product_category_name_artes,0.0027088695
customer_zip_code_prefix_x_customer_state_PA,0.0027084413
product_category_name_casa_conforto,0.002697061
product_category_name_construcao_ferramentas_jardim,0.0026879653
product_category_name_eletronicos,0.0026817203
product_category_name_telefonia_fixa,0.00266667
product_category_name_audio,0.0026272296
product_category_name_casa_construcao,0.0025959662
customer_state_RJ,0.0025604486
product_category_name_relogios_presentes,0.0025346307
customer_state_MA,0.0025278726
product_category_name_artigos_de_natal,0.0024903622
seller_state_GO,0.002487602
product_category_name_eletrodomesticos_2,0.0023142716
product_category_name_ferramentas_jardim,0.002246681
product_category_name_market_place,0.0022261674
product_category_name_consoles_games,0.0022044522
customer_state_AL,0.0022021788
review_score_x_customer_state_CE,0.0020912096
product_category_name_construcao_ferramentas_iluminacao,0.0020015885
review_score_div_customer_state_SP_cubed,0.0019832042
product_category_name_moveis_cozinha_area_de_servico_jantar_e_jardim,0.0019776407
customer_state_BA,0.001833983
review_score_x_customer_state_PA,0.0015504507
product_category_name_pcs,0.0013628363
product_category_name_industria_comercio_e_negocios,0.0012647983
customer_state_PA,0.0012501426
customer_state_RJ_x_customer_state_MA,0.0
customer_state_AP,0.0
product_category_name_tablets_impressao_imagem,0.0
product_category_name_sinalizacao_e_seguranca,0.0
product_category_name_fashion_underwear_e_moda_praia,0.0
product_category_name_artigos_de_festas,0.0
product_category_name_casa_conforto_2,0.0
seller_state_MT,0.0
product_category_name_fashion_esporte,0.0
seller_state_RN,0.0
customer_state_BA_div_customer_state_AL,0.0
product_category_name_moveis_colchao_e_estofado,0.0
customer_state_RJ_div_customer_state_PA,0.0
customer_state_RJ_div_customer_state_MA,0.0
customer_state_RJ_div_customer_state_CE,0.0
customer_state_RJ_div_customer_state_AL,0.0
customer_state_RJ_div_customer_state_BA,0.0
product_category_name_dvds_blu_ray,0.0
product_category_name_flores,0.0
customer_state_BA_div_customer_state_CE,0.0
customer_state_RJ_x_customer_state_PA,0.0
customer_state_BA_div_customer_state_MA,0.0
customer_state_SP_cubed,0.0
customer_state_SP_squared,0.0
review_score_x_customer_state_SP_cubed,0.0
product_category_name_musica,0.0
product_category_name_fashion_roupa_masculina,0.0
customer_state_RR,0.0
customer_state_RN,0.0
product_category_name_artes_e_artesanato,0.0
customer_state_MA_div_customer_state_PA,0.0
customer_state_CE_div_customer_state_PA,0.0
customer_state_CE_div_customer_state_MA,0.0
customer_state_AL_div_customer_state_PA,0.0
customer_state_AL_div_customer_state_MA,0.0
customer_state_AL_div_customer_state_CE,0.0
customer_state_BA_div_customer_state_PA,0.0
seller_state_CE,0.0
customer_state_SP_div_customer_state_PA,0.0
customer_state_SP_div_customer_state_MA,0.0
customer_state_SP_x_customer_state_RJ,0.0
customer_state_AL_x_customer_state_CE,0.0
customer_state_BA_x_customer_state_PA,0.0
customer_state_BA_x_customer_state_MA,0.0
customer_state_BA_x_customer_state_CE,0.0
customer_state_BA_x_customer_state_AL,0.0
customer_state_RO,0.0
product_category_name_fashion_roupa_feminina,0.0
customer_state_SP_x_customer_state_BA,0.0
customer_state_SP_div_customer_state_CE,0.0
customer_state_SP_x_customer_state_AL,0.0
customer_state_SP_x_customer_state_CE,0.0
customer_state_SP_x_customer_state_MA,0.0
customer_state_SP_x_customer_state_PA,0.0
customer_state_RJ_x_customer_state_BA,0.0
customer_state_RJ_x_customer_state_AL,0.0
customer_state_RJ_x_customer_state_CE,0.0
customer_state_AL_x_customer_state_MA,0.0
customer_state_AL_x_customer_state_PA,0.0
customer_state_CE_x_customer_state_MA,0.0
customer_state_CE_x_customer_state_PA,0.0
customer_state_SP_div_customer_state_AL,0.0
customer_state_SP_div_customer_state_BA,0.0
product_category_name_cine_foto,0.0
product_category_name_livros_importados,0.0
customer_state_SP_div_customer_state_RJ,0.0
review_score_div_customer_state_PA,0.0
seller_state_MS,0.0
review_score_div_customer_state_CE,0.0
product_category_name_fashion_calcados,0.0
seller_state_PB,0.0
product_category_name_climatizacao,0.0
product_category_name_portateis_cozinha_e_preparadores_de_alimentos,0.0
product_category_name_moveis_sala,0.0
product_category_name_construcao_ferramentas_seguranca,0.0
customer_state_MA_x_customer_state_PA,0.0
product_category_name_construcao_ferramentas_ferramentas,0.0
