feature,importance
review_score,0.24228363
customer_state_SP,0.09648849
customer_state_RJ,0.020703785
customer_zip_code_prefix,0.020457929
customer_state_MG,0.018001042
customer_state_PR,0.017741572
customer_state_CE,0.014473594
freight_value,0.013330608
seller_state_RJ,0.012913491
product_category_name_beleza_saude,0.012253538
customer_state_DF,0.011956278
seller_state_MA,0.011684544
customer_state_SE,0.011655636
product_category_name_perfumaria,0.011349359
customer_state_SC,0.01114545
product_category_name_moveis_decoracao,0.011128935
customer_state_PI,0.011079121
customer_state_RS,0.011075801
customer_state_MA,0.010618039
customer_state_GO,0.010576022
payment_type_Debit Card,0.010465795
product_category_name_bebes,0.010449583
product_category_name_cama_mesa_banho,0.010366719
customer_state_BA,0.010298554
seller_zip_code_prefix,0.010158713
customer_state_PA,0.0101368055
payment_sequential,0.010109507
customer_state_ES,0.009979055
price,0.009907574
customer_state_AL,0.009836689
seller_state_PR,0.009791831
product_category_name_brinquedos,0.009634184
product_category_name_relogios_presentes,0.009540925
customer_state_RN,0.009430799
payment_value,0.009385633
seller_state_SC,0.009274768
product_category_name_informatica_acessorios,0.00924321
customer_state_MT,0.009228166
product_category_name_esporte_lazer,0.009072098
product_weight_g,0.008918092
product_description_lenght,0.008819663
product_category_name_casa_conforto,0.008715787
product_length_cm,0.008680458
product_height_cm,0.008510529
product_name_lenght,0.008422986
product_category_name_pet_shop,0.008407385
customer_state_PE,0.008349043
product_category_name_telefonia,0.008262126
payment_installments,0.008228045
product_category_name_audio,0.008197684
product_category_name_automotivo,0.008150761
product_category_name_telefonia_fixa,0.008059162
product_photos_qty,0.007944771
product_category_name_livros_tecnicos,0.0077313352
customer_state_PB,0.0076837703
product_category_name_fashion_underwear_e_moda_praia,0.0073371767
product_category_name_cool_stuff,0.0073185195
product_category_name_construcao_ferramentas_seguranca,0.0072903465
product_category_name_eletronicos,0.0069368556
customer_state_MS,0.006835916
payment_type_Credit Card,0.00676654
product_category_name_artigos_de_natal,0.00656118
product_category_name_fashion_calcados,0.006480104
seller_state_GO,0.006251758
customer_state_TO,0.0059905453
product_category_name_artes,0.005904528
product_category_name_eletrodomesticos,0.005362198
product_category_name_moveis_cozinha_area_de_servico_jantar_e_jardim,0.0049096183
product_category_name_construcao_ferramentas_iluminacao,0.0044508926
product_category_name_alimentos,0.004134021
product_category_name_tablets_impressao_imagem,0.0040566428
product_category_name_industria_comercio_e_negocios,0.0031041042
product_category_name_fashion_esporte,0.0
customer_state_RR,0.0
product_category_name_casa_conforto_2,0.0
product_category_name_sinalizacao_e_seguranca,0.0
seller_state_RN,0.0
seller_state_MS,0.0
product_category_name_artigos_de_festas,0.0
product_category_name_moveis_colchao_e_estofado,0.0
