feature,importance
review_score,0.10203175
customer_state_RJ,0.052465744
seller_state_RS,0.04440003
customer_state_RS,0.04005976
seller_state_SP,0.037908413
customer_state_CE,0.032939587
customer_state_RO,0.032479588
customer_state_SP,0.027392667
customer_state_AL,0.027176697
customer_state_PR,0.024503643
seller_state_MA,0.02211564
customer_state_MG,0.022004507
seller_zip_code_prefix,0.019127363
customer_state_BA,0.01818924
freight_value,0.017938767
customer_state_ES,0.017893499
seller_state_PR,0.017656175
customer_state_SC,0.017417833
customer_zip_code_prefix,0.01737005
product_category_name_cama_mesa_banho,0.017289745
product_category_name_fashion_bolsas_e_acessorios,0.01634619
customer_state_PA,0.016305234
seller_state_RJ,0.016077055
product_category_name_eletronicos,0.015134682
product_category_name_informatica_acessorios,0.014977718
product_category_name_bebes,0.014872479
price,0.014684684
payment_type_Credit Card,0.014619122
product_category_name_climatizacao,0.014460352
payment_value,0.014417026
product_category_name_telefonia,0.014249428
product_category_name_automotivo,0.014212348
seller_state_MG,0.0141119305
seller_state_SC,0.013928123
product_length_cm,0.0138062285
product_category_name_cool_stuff,0.013693147
product_weight_g,0.013219156
product_category_name_alimentos,0.01262713
product_description_lenght,0.01260823
product_height_cm,0.0125019625
product_name_lenght,0.011790577
product_category_name_perfumaria,0.011761857
product_category_name_papelaria,0.01157703
product_photos_qty,0.011536647
product_category_name_fashion_roupa_masculina,0.011271379
payment_installments,0.011227344
seller_state_PE,0.010720944
seller_state_MT,0.010545076
product_category_name_construcao_ferramentas_construcao,0.009171451
product_category_name_musica,0.005184803
