feature,importance
review_score,0.1174259
review_score_squared,0.101244554
review_score_div_log_distance_squared,0.07617045
review_score_div_log_distance_cubed,0.06324244
review_score_div_log_distance,0.062416393
review_score_cubed,0.049839586
review_score_x_seller_median_delay,0.020267589
review_score_x_seller_median_delay_cubed,0.018841501
seller_median_delay_div_distance_km,0.014887519
seller_median_delay_div_log_distance,0.011207204
seller_delay_rate_x_log_distance_squared,0.008714158
seller_delay_rate_x_log_distance,0.008550881
review_score_div_seller_std_delay,0.008250712
review_score_div_seller_delay_rate,0.007980623
review_score_x_seller_avg_delay,0.007647286
seller_avg_delay_x_distance_km,0.0076298416
seller_avg_delay_cubed,0.0069490895
seller_delay_rate_x_distance_km,0.006748859
review_score_x_log_distance,0.0065983804
seller_delay_rate_x_log_distance_cubed,0.0064944443
seller_delay_rate_x_customer_zip_code_prefix,0.0061148736
seller_avg_delay_x_customer_zip_code_prefix,0.005950586
seller_median_delay,0.0058603846
seller_median_delay_x_customer_state_SP,0.005852309
seller_avg_delay,0.0058265924
seller_avg_delay_div_log_distance,0.005741441
seller_median_delay_x_customer_zip_code_prefix,0.005543588
seller_delay_rate,0.0054919873
review_score_x_seller_median_delay_squared,0.0054609594
seller_avg_delay_x_log_distance,0.005416302
seller_avg_delay_x_seller_delay_rate,0.0047942926
seller_avg_delay_div_customer_zip_code_prefix,0.00474857
customer_state_SP_x_distance_km,0.004626755
seller_avg_delay_x_seller_median_delay,0.0045945332
review_score_x_seller_std_delay,0.0044413656
review_score_x_customer_state_SP,0.004434661
seller_avg_delay_squared,0.0044109575
seller_median_delay_div_customer_zip_code_prefix,0.004406156
seller_avg_delay_div_seller_std_delay,0.0044003814
review_score_div_seller_avg_delay,0.004180707
customer_state_SP_div_distance_km,0.004167499
seller_median_delay_div_customer_state_SP,0.0038624317
seller_median_delay_x_seller_delay_rate,0.0037987856
customer_state_SP_div_seller_std_delay,0.003695651
seller_avg_delay_x_customer_state_SP,0.0035380535
review_score_div_customer_zip_code_prefix,0.0035118046
seller_avg_delay_div_seller_delay_rate,0.0034765732
seller_median_delay_x_distance_km,0.003436997
seller_std_delay_div_customer_zip_code_prefix,0.0033200518
customer_state_RJ,0.0033121794
customer_state_SP_x_seller_std_delay,0.0032595124
log_distance_x_customer_state_SP,0.0031804743
review_score_div_seller_median_delay,0.0031692998
seller_delay_rate_div_log_distance,0.003148016
seller_avg_delay_x_seller_std_delay,0.0030965055
seller_avg_delay_div_customer_state_SP,0.0030924992
customer_lng,0.0030866014
seller_std_delay_x_customer_zip_code_prefix,0.003054506
seller_median_delay_div_seller_delay_rate,0.003035119
seller_delay_rate_x_customer_state_SP,0.0029633364
seller_median_delay_x_log_distance,0.0028559852
log_distance_div_seller_std_delay,0.0028413667
seller_order_count,0.0028347634
seller_delay_rate_div_customer_zip_code_prefix,0.0028257275
log_distance_div_customer_state_SP,0.0027961736
seller_delay_rate_x_is_long_distance,0.0027871535
seller_avg_delay_div_distance_km,0.0027837101
freight_value,0.0027703678
seller_std_delay,0.002748669
review_score_x_seller_delay_rate,0.002741022
customer_state_SP_x_customer_zip_code_prefix,0.0027355826
log_distance_x_seller_std_delay,0.002726813
review_score_x_customer_zip_code_prefix,0.0027095566
seller_median_delay_div_seller_std_delay,0.0027053067
seller_delay_rate_div_customer_state_SP,0.002687475
distance_km_div_is_long_distance,0.0026723424
distance_km,0.002652498
seller_std_delay_div_is_long_distance,0.0026377714
distance_km_div_seller_std_delay,0.0026196064
seller_lng,0.0026109426
seller_median_delay_x_is_long_distance,0.0026056075
seller_delay_rate_div_seller_std_delay,0.0025626374
log_distance_x_customer_zip_code_prefix,0.0025332603
seller_avg_delay_div_is_long_distance,0.0025218702
seller_delay_rate_div_is_long_distance,0.0025142129
product_category_name_moveis_escritorio,0.0025138091
review_score_div_distance_km,0.0025126834
seller_zip_code_prefix,0.0025009888
customer_state_SP_div_customer_zip_code_prefix,0.0024968665
seller_delay_rate_x_seller_std_delay,0.0024898667
seller_lat,0.0024886148
customer_state_MG,0.0024769295
customer_lat,0.0024721606
log_distance_div_customer_zip_code_prefix,0.0024606069
log_distance,0.0024428985
seller_avg_freight,0.0024388472
seller_std_delay_x_is_long_distance,0.002431081
product_category_name_eletronicos,0.0024304965
distance_km_x_seller_std_delay,0.0024250257
seller_state_SP,0.002401871
customer_state_GO,0.0023826144
product_category_name_beleza_saude,0.0023773378
distance_km_x_customer_zip_code_prefix,0.0023752884
seller_avg_delay_div_seller_median_delay,0.0023699417
distance_km_div_customer_zip_code_prefix,0.0023618285
customer_state_DF,0.0023487816
review_score_x_distance_km,0.002340223
seller_avg_delay_x_is_long_distance,0.0023241008
product_height_cm,0.0023100448
seller_median_delay_x_seller_std_delay,0.0023035924
product_photos_qty,0.0022935118
price,0.0022837925
is_long_distance_div_customer_zip_code_prefix,0.002281807
product_name_lenght,0.0022809405
customer_state_PR,0.0022768758
log_distance_x_is_long_distance,0.0022763298
customer_zip_code_prefix,0.00225806
distance_per_freight,0.0022392266
product_category_name_telefonia,0.002232901
review_score_div_is_long_distance,0.0022155778
seller_avg_price,0.0021929916
product_category_name_cool_stuff,0.0021855237
seller_delay_rate_div_distance_km,0.0021766766
is_long_distance_x_customer_zip_code_prefix,0.0021719649
product_description_lenght,0.002168301
customer_state_BA,0.0021443195
payment_value,0.0021325273
product_weight_g,0.0021248665
product_category_name_consoles_games,0.002092161
customer_state_PE,0.0020613226
log_distance_div_distance_km,0.00206051
review_score_x_is_long_distance,0.0020472573
product_length_cm,0.0020359117
payment_installments,0.0020188016
seller_median_delay_div_is_long_distance,0.002017176
distance_km_x_is_long_distance,0.0020087452
review_score_div_customer_state_SP,0.001999157
product_category_name_perfumaria,0.001993148
payment_type_Voucher,0.0019847876
product_category_name_ferramentas_jardim,0.0019803217
payment_sequential,0.0019582114
customer_state_ES,0.0019491665
product_category_name_cama_mesa_banho,0.0019233361
customer_state_MS,0.0019016841
log_distance_div_is_long_distance,0.0018941823
log_distance_x_distance_km,0.0018668319
payment_type_Credit Card,0.0018654257
customer_state_SC,0.00184022
seller_state_RJ,0.001832771
product_category_name_moveis_decoracao,0.0017959097
seller_state_MG,0.0017669215
seller_state_PR,0.0017390258
product_category_name_livros_tecnicos,0.0017005702
customer_state_CE,0.0015860347
seller_state_SC,0.0015765788
customer_state_SP_div_is_long_distance,0.0
customer_state_SP_x_is_long_distance,0.0
customer_state_SP,0.0
seller_state_PE,0.0
product_category_name_casa_conforto,0.0
product_category_name_pc_gamer,0.0
product_category_name_papelaria,0.0
product_category_name_instrumentos_musicais,0.0
customer_state_RO,0.0
product_category_name_climatizacao,0.0
product_category_name_audio,0.0
product_category_name_artigos_de_festas,0.0
customer_state_MT,0.0
product_category_name_brinquedos,0.0
product_category_name_fashion_underwear_e_moda_praia,0.0
seller_state_MA,0.0
customer_state_AM,0.0
product_category_name_pet_shop,0.0
customer_state_AL,0.0
seller_state_MS,0.0
customer_state_RS,0.0
product_category_name_eletrodomesticos,0.0
product_category_name_industria_comercio_e_negocios,0.0
product_category_name_construcao_ferramentas_seguranca,0.0
seller_state_RS,0.0
product_category_name_fashion_roupa_masculina,0.0
customer_state_TO,0.0
customer_state_RN,0.0
customer_state_SE,0.0
payment_type_Debit Card,0.0
product_category_name_relogios_presentes,0.0
is_long_distance,0.0
customer_state_MA,0.0
product_category_name_esporte_lazer,0.0
customer_state_PA,0.0
product_category_name_construcao_ferramentas_iluminacao,0.0
product_category_name_alimentos,0.0
product_category_name_construcao_ferramentas_construcao,0.0
product_category_name_construcao_ferramentas_ferramentas,0.0
product_category_name_artes,0.0
product_category_name_dvds_blu_ray,0.0
product_category_name_fashion_esporte,0.0
seller_state_ES,0.0
product_category_name_malas_acessorios,0.0
product_category_name_moveis_quarto,0.0
seller_state_RN,0.0
product_category_name_eletrodomesticos_2,0.0
product_category_name_livros_interesse_geral,0.0
product_category_name_market_place,0.0
customer_state_PB,0.0
product_category_name_moveis_sala,0.0
product_category_name_fashion_calcados,0.0
product_category_name_casa_construcao,0.0
product_category_name_bebes,0.0
customer_state_PI,0.0
product_category_name_tablets_impressao_imagem,0.0
seller_state_GO,0.0
customer_state_AP,0.0
product_category_name_moveis_cozinha_area_de_servico_jantar_e_jardim,0.0
product_category_name_fraldas_higiene,0.0
product_category_name_artes_e_artesanato,0.0
product_category_name_flores,0.0
product_category_name_portateis_casa_forno_e_cafe,0.0
product_category_name_automotivo,0.0
product_category_name_artigos_de_natal,0.0
