feature,importance
review_score,0.10947635
customer_state_RJ,0.04939102
seller_state_SP,0.046264973
seller_state_RS,0.039640397
customer_state_RO,0.035941694
customer_state_RS,0.033826783
customer_state_CE,0.03112487
customer_state_AL,0.029439904
customer_state_PR,0.02598952
seller_state_MA,0.020433808
seller_state_RJ,0.01978704
customer_state_MG,0.0195541
customer_state_ES,0.01948565
customer_state_PA,0.019427404
customer_state_BA,0.017762478
customer_state_SP,0.017672764
product_category_name_cama_mesa_banho,0.017234037
seller_zip_code_prefix,0.0171614
freight_value,0.0165238
seller_state_PR,0.01614433
product_category_name_fashion_bolsas_e_acessorios,0.01604796
product_category_name_informatica_acessorios,0.015955154
product_category_name_papelaria,0.015948292
product_category_name_eletronicos,0.015938954
customer_state_SC,0.015772132
customer_zip_code_prefix,0.015691176
product_category_name_bebes,0.014626014
seller_state_PE,0.01427026
product_category_name_alimentos,0.014226322
product_category_name_telefonia,0.014170316
product_category_name_automotivo,0.013937048
price,0.013679919
seller_state_MG,0.0136689665
seller_state_SC,0.013632835
payment_type_Credit Card,0.013621044
product_category_name_climatizacao,0.0134848915
product_weight_g,0.013451618
payment_value,0.01336207
product_category_name_cool_stuff,0.013357173
product_length_cm,0.013042485
product_category_name_construcao_ferramentas_construcao,0.012875455
product_category_name_perfumaria,0.012582614
product_description_lenght,0.0124690775
product_height_cm,0.012270199
product_name_lenght,0.011855247
seller_state_MT,0.011832198
product_photos_qty,0.011443278
payment_installments,0.010085635
product_category_name_fashion_roupa_masculina,0.007496388
product_category_name_musica,0.006922949
