feature,importance
review_score_squared,0.16701709
review_score,0.14181226
review_score_div_customer_state_SP_squared,0.044444356
review_score_x_customer_state_SP,0.040511988
customer_state_SP,0.03695421
review_score_div_freight_value,0.02211799
customer_state_RJ,0.016746737
review_score_x_customer_state_RJ,0.016063998
customer_state_SP_div_freight_value,0.01536924
review_score_x_customer_state_SP_squared,0.01297467
customer_state_MG,0.012165722
review_score_x_customer_zip_code_prefix,0.011997818
review_score_div_customer_zip_code_prefix,0.011690054
customer_state_RJ_x_freight_value,0.011148646
review_score_x_freight_value,0.011045046
customer_state_RJ_div_freight_value,0.01058436
customer_state_PR,0.010491151
freight_value_x_customer_zip_code_prefix,0.0101484265
review_score_div_customer_state_RJ,0.009803215
customer_state_CE,0.009445144
review_score_div_customer_state_SP,0.009281111
customer_state_MS,0.008853698
product_category_name_fashion_bolsas_e_acessorios,0.0080836415
customer_state_RJ_x_customer_zip_code_prefix,0.007708992
product_category_name_beleza_saude,0.007593093
seller_state_PR,0.0075736255
customer_state_RS,0.0075068465
seller_state_RJ,0.00714948
payment_sequential,0.0070231305
product_category_name_papelaria,0.0070158285
product_category_name_construcao_ferramentas_construcao,0.0070052575
freight_value,0.0069938987
customer_zip_code_prefix,0.00644052
product_category_name_bebes,0.0063719433
product_category_name_moveis_decoracao,0.0063098115
product_category_name_instrumentos_musicais,0.0062374687
customer_state_RJ_div_customer_zip_code_prefix,0.0061726193
seller_state_MG,0.006092605
customer_state_SP_x_customer_zip_code_prefix,0.005998836
product_category_name_relogios_presentes,0.005975052
product_category_name_cama_mesa_banho,0.0057597253
customer_state_AL,0.005706974
seller_state_SC,0.0057060607
customer_state_SC,0.0056411913
payment_value,0.005632524
seller_state_MA,0.005537032
price,0.0054943697
freight_value_div_customer_zip_code_prefix,0.0053885803
customer_state_DF,0.005356755
product_category_name_automotivo,0.005275599
product_category_name_esporte_lazer,0.0052379062
seller_state_DF,0.005232122
customer_state_MA,0.0052253604
customer_state_SE,0.005208453
payment_type_Debit Card,0.005199825
customer_state_GO,0.0051672254
seller_zip_code_prefix,0.0050880946
customer_state_BA,0.0050603515
product_length_cm,0.0050264336
customer_state_SP_x_freight_value,0.0048472784
product_category_name_informatica_acessorios,0.0046522925
customer_state_SP_div_customer_zip_code_prefix,0.004629845
product_description_lenght,0.0045783217
product_category_name_casa_construcao,0.004541708
product_category_name_telefonia,0.0044261212
payment_type_Voucher,0.0043896595
product_height_cm,0.004378506
product_weight_g,0.004369014
customer_state_PE,0.004314359
product_category_name_ferramentas_jardim,0.0043141227
product_category_name_pet_shop,0.0042985966
product_category_name_audio,0.004211222
product_name_lenght,0.0042010746
product_photos_qty,0.0041779517
payment_installments,0.0041710334
customer_state_ES,0.004169986
product_category_name_consoles_games,0.004039698
product_category_name_cool_stuff,0.003949826
customer_state_PB,0.00394346
customer_state_PI,0.003879017
customer_state_PA,0.0038688069
payment_type_Credit Card,0.0038093769
product_category_name_brinquedos,0.0037324107
customer_state_MT,0.0036875107
product_category_name_livros_tecnicos,0.0034495937
customer_state_RN,0.0033126979
product_category_name_malas_acessorios,0.003215552
product_category_name_musica,0.0030531231
customer_state_TO,0.002993287
product_category_name_alimentos,0.0029141323
seller_state_BA,0.0026916172
product_category_name_market_place,0.002577687
product_category_name_artigos_de_natal,0.00253724
product_category_name_fashion_roupa_masculina,0.0018096928
product_category_name_casa_conforto_2,0.0
customer_state_SP_div_customer_state_RJ,0.0
customer_state_RR,0.0
customer_state_SP_x_customer_state_RJ,0.0
product_category_name_fashion_esporte,0.0
product_category_name_artigos_de_festas,0.0
product_category_name_sinalizacao_e_seguranca,0.0
product_category_name_livros_importados,0.0
seller_state_GO,0.0
