feature,importance
review_score_squared,0.32176617
review_score,0.22097853
review_score_div_customer_state_SP_squared,0.018996717
review_score_x_customer_state_SP,0.015008837
customer_state_MG,0.010524015
review_score_div_freight_value,0.010012523
review_score_x_customer_state_RJ,0.007905198
customer_state_PR,0.00789513
review_score_div_customer_state_SP,0.0076439353
customer_state_RJ_x_freight_value,0.0074286396
review_score_div_customer_zip_code_prefix,0.007140595
product_category_name_alimentos,0.0071118632
customer_state_BA,0.0070991763
seller_state_MA,0.006535734
customer_state_SP_div_freight_value,0.006488379
customer_state_SC,0.006328817
product_category_name_cool_stuff,0.0062743803
customer_state_AL,0.006223391
seller_state_MG,0.0061481614
customer_state_MS,0.00611168
customer_state_RJ_div_freight_value,0.0060276664
freight_value_x_customer_zip_code_prefix,0.0058817216
product_category_name_fashion_bolsas_e_acessorios,0.005870028
seller_state_RJ,0.0057248976
freight_value,0.0056470367
customer_state_SP_x_customer_zip_code_prefix,0.0055307616
customer_state_RJ_x_customer_zip_code_prefix,0.0054971697
customer_state_SP_x_freight_value,0.0054376055
review_score_x_customer_zip_code_prefix,0.0054216734
review_score_x_freight_value,0.005384123
product_category_name_beleza_saude,0.005369999
customer_state_CE,0.005287492
customer_zip_code_prefix,0.005281478
customer_state_PA,0.005220044
customer_state_SP_div_customer_zip_code_prefix,0.0051134927
customer_state_ES,0.0050017526
customer_state_DF,0.0047435
product_category_name_informatica_acessorios,0.004720307
price,0.004716717
product_category_name_cama_mesa_banho,0.0046795737
seller_state_PR,0.0046783984
seller_state_RS,0.004659336
product_category_name_perfumaria,0.0046239267
product_category_name_automotivo,0.0045284894
seller_zip_code_prefix,0.004499769
customer_state_SE,0.0044199647
product_category_name_bebes,0.004417932
customer_state_PE,0.004385489
payment_value,0.0043755923
freight_value_div_customer_zip_code_prefix,0.0043731392
payment_type_Credit Card,0.0043485356
product_category_name_ferramentas_jardim,0.0041730925
payment_sequential,0.004133959
payment_installments,0.004107143
customer_state_MA,0.004036284
seller_state_BA,0.00403132
customer_state_GO,0.003990274
product_category_name_malas_acessorios,0.003969782
product_height_cm,0.0039596003
product_description_lenght,0.003945137
product_category_name_telefonia,0.0039321533
product_category_name_relogios_presentes,0.003927071
product_length_cm,0.0039207577
customer_state_MT,0.0039168433
product_category_name_eletrodomesticos,0.0038991612
product_category_name_moveis_decoracao,0.003873599
product_photos_qty,0.0038660557
customer_state_RJ_div_customer_zip_code_prefix,0.003865716
product_category_name_esporte_lazer,0.0038642187
product_category_name_pet_shop,0.0038613572
product_category_name_eletronicos,0.003860125
product_category_name_eletroportateis,0.0038071729
product_category_name_brinquedos,0.0038055468
product_category_name_audio,0.003775669
product_name_lenght,0.0037483023
product_weight_g,0.003734606
review_score_div_customer_state_RJ,0.0037024214
customer_state_RJ,0.0036733607
seller_state_GO,0.003573085
product_category_name_artigos_de_natal,0.003510222
seller_state_DF,0.0034875558
product_category_name_construcao_ferramentas_construcao,0.0034294992
customer_state_RS,0.003311905
customer_state_PI,0.0032357809
product_category_name_consoles_games,0.0031893342
payment_type_Voucher,0.0031235516
customer_state_SP,0.0030464642
customer_state_TO,0.002963768
product_category_name_construcao_ferramentas_jardim,0.0026011034
product_category_name_market_place,0.0022797252
product_category_name_sinalizacao_e_seguranca,0.0019432867
review_score_x_customer_state_SP_squared,0.001841658
product_category_name_flores,0.0018009725
customer_state_RN,0.0017918736
customer_state_SP_x_customer_state_RJ,0.0
product_category_name_fashion_underwear_e_moda_praia,0.0
customer_state_SP_div_customer_state_RJ,0.0
product_category_name_tablets_impressao_imagem,0.0
product_category_name_artes_e_artesanato,0.0
customer_state_RR,0.0
customer_state_PB,0.0
product_category_name_fashion_roupa_masculina,0.0
product_category_name_musica,0.0
