feature,importance
review_score_cubed,0.14827992
review_score_squared,0.13394403
review_score,0.117064446
review_score_div_log_distance_squared,0.04369158
review_score_div_log_distance_cubed,0.043245386
review_score_div_log_distance,0.040451925
review_score_x_seller_median_delay,0.011059936
review_score_div_seller_std_delay,0.01046025
review_score_x_log_distance_squared,0.009281582
seller_delay_rate_x_log_distance,0.009187858
seller_avg_delay_x_log_distance,0.008091618
seller_avg_delay_x_log_distance_cubed,0.008002636
seller_median_delay_div_log_distance,0.0078060064
seller_median_delay_x_seller_delay_rate,0.0072040423
seller_avg_delay_x_seller_delay_rate,0.007195287
seller_median_delay,0.0067310412
seller_delay_rate,0.006432138
seller_avg_delay_x_global_delay_rolling_30d,0.006174142
seller_median_delay_x_log_distance,0.005945525
seller_avg_delay_x_distance_km,0.005892956
seller_avg_delay_cubed,0.0058223973
seller_avg_delay,0.005478267
review_score_x_log_distance_cubed,0.0051388815
review_score_div_seller_delay_rate,0.00481939
seller_avg_delay_div_distance_km,0.0044163642
review_score_x_log_distance,0.004378717
seller_avg_delay_x_log_distance_squared,0.0041844104
review_score_x_customer_state_SP,0.0041561173
review_score_div_seller_avg_delay,0.00414249
seller_delay_rate_x_distance_km,0.004098671
seller_median_delay_x_distance_km,0.003938282
review_score_div_customer_state_SP,0.003922693
seller_avg_delay_div_seller_delay_rate,0.0038331605
seller_delay_rate_x_global_delay_rolling_30d,0.0036832015
review_score_div_seller_median_delay,0.0036184613
seller_median_delay_div_distance_km,0.0035757797
review_score_x_seller_avg_delay,0.0034602815
seller_avg_delay_squared,0.0034310194
review_score_x_seller_std_delay,0.0032952947
seller_avg_delay_div_log_distance,0.0032451155
review_score_div_distance_km,0.0031481343
seller_delay_rate_div_log_distance,0.0030322927
seller_avg_delay_div_seller_std_delay,0.0030161266
global_delay_rolling_30d_x_distance_km,0.0030056292
seller_avg_delay_x_seller_median_delay,0.0030003919
customer_state_SP_x_distance_km,0.0029384028
seller_delay_rate_div_distance_km,0.0028122216
log_distance_div_customer_state_SP,0.002800377
product_category_name_moveis_escritorio,0.0027678364
customer_state_SP_x_seller_std_delay,0.002742518
seller_median_delay_x_global_delay_rolling_30d,0.0026913895
global_delay_rolling_30d_x_seller_std_delay,0.0026564777
review_score_div_global_delay_rolling_30d,0.0025316365
log_distance_x_customer_state_SP,0.0025303774
review_score_x_seller_delay_rate,0.0025079416
review_score_x_distance_km,0.0024997843
seller_delay_rolling_90d,0.0024888092
seller_delay_max_rolling_90d,0.002475764
customer_state_RJ,0.0024672037
global_delay_rolling_30d_x_log_distance,0.002438122
product_category_name_cama_mesa_banho,0.002422276
seller_median_delay_div_seller_delay_rate,0.0024175392
global_delay_rolling_30d,0.0024056807
global_delay_rolling_30d_div_seller_std_delay,0.0023988476
seller_delay_rate_div_is_long_distance,0.0023969852
seller_median_delay_div_customer_state_SP,0.0023793075
seller_avg_delay_div_global_delay_rolling_30d,0.0023719412
customer_state_SP_div_seller_std_delay,0.0023704248
freight_value,0.0023638427
seller_median_delay_div_seller_std_delay,0.0023409363
seller_delay_rate_div_seller_std_delay,0.0023381312
seller_delay_rate_div_global_delay_rolling_30d,0.0023221623
seller_std_delay_div_distance_km,0.002308572
seller_delay_rolling_30d,0.0022956226
customer_lng,0.0022906247
seller_std_delay_x_is_long_distance,0.0022875136
review_score_x_global_delay_rolling_30d,0.0022862235
seller_delay_std_rolling_90d,0.0022810278
global_delay_rolling_30d_div_customer_state_SP,0.002260973
seller_order_count,0.0022602584
log_distance_div_seller_std_delay,0.002255469
seller_avg_delay_div_is_long_distance,0.00225298
global_delay_rolling_30d_div_is_long_distance,0.002242345
distance_km_x_is_long_distance,0.0022250556
product_category_name_informatica_acessorios,0.0022221038
seller_delay_std_rolling_7d,0.002220096
customer_zip_code_prefix,0.0022135365
seller_median_delay_div_is_long_distance,0.002211958
log_distance_x_seller_std_delay,0.0022116476
log_distance_div_distance_km,0.0022074787
seller_avg_delay_x_customer_state_SP,0.002199127
seller_avg_delay_x_seller_std_delay,0.0021955248
seller_delay_std_rolling_30d,0.0021952416
global_delay_rolling_30d_div_log_distance,0.00218722
seller_delay_rate_x_seller_std_delay,0.0021849517
seller_std_delay_x_distance_km,0.0021847563
seller_delay_rate_x_is_long_distance,0.0021793756
seller_std_delay,0.0021783346
seller_delay_rolling_7d,0.002170411
customer_state_RS,0.0021642577
global_delay_rolling_30d_div_distance_km,0.0021605352
seller_median_delay_x_seller_std_delay,0.0021548674
global_delay_rolling_30d_x_is_long_distance,0.0021443889
customer_state_MG,0.0021412193
seller_std_delay_div_is_long_distance,0.002139425
seller_delay_rate_div_customer_state_SP,0.0021392324
product_category_name_esporte_lazer,0.0021335676
global_delay_rolling_30d_x_customer_state_SP,0.002126296
log_distance_x_is_long_distance,0.0021247936
seller_avg_delay_x_is_long_distance,0.0021212506
customer_state_ES,0.0021203975
price,0.002119883
seller_median_delay_x_customer_state_SP,0.0021155342
seller_median_delay_div_global_delay_rolling_30d,0.00211536
seller_delay_max_rolling_7d,0.0021147612
seller_state_PR,0.0021063362
seller_delay_max_rolling_30d,0.0021052773
customer_lat,0.002102272
customer_state_PR,0.00208507
distance_per_freight,0.0020797623
product_description_lenght,0.002074055
seller_lat,0.0020725755
seller_delay_rate_x_customer_state_SP,0.0020646243
log_distance_x_distance_km,0.0020622632
payment_type_Credit Card,0.002054416
seller_avg_delay_div_seller_median_delay,0.0020542403
distance_km,0.0020483555
seller_avg_delay_div_customer_state_SP,0.002046452
customer_state_SP_div_distance_km,0.0020314534
seller_avg_freight,0.0020173292
seller_zip_code_prefix,0.0020163886
product_name_lenght,0.0020162056
review_score_x_is_long_distance,0.0020151178
payment_value,0.0020108
product_weight_g,0.0020065329
product_category_name_bebes,0.0020029263
product_category_name_relogios_presentes,0.0019979805
seller_lng,0.0019974343
product_category_name_casa_conforto,0.0019932976
log_distance,0.0019903528
seller_avg_price,0.0019861849
payment_installments,0.0019789396
customer_state_GO,0.0019762507
product_photos_qty,0.0019626038
product_height_cm,0.0019611067
seller_state_SP,0.0019562675
product_length_cm,0.001950003
product_category_name_fashion_bolsas_e_acessorios,0.0019486143
product_category_name_beleza_saude,0.0019314475
customer_state_SC,0.0019062599
product_category_name_telefonia,0.0018907499
seller_median_delay_x_is_long_distance,0.0018872145
product_category_name_ferramentas_jardim,0.001869266
log_distance_div_is_long_distance,0.0018674044
customer_state_AL,0.001864289
product_category_name_brinquedos,0.0018638426
customer_state_DF,0.0018614698
product_category_name_moveis_decoracao,0.0018202434
seller_state_RJ,0.0017926054
distance_km_div_is_long_distance,0.0017659545
customer_state_BA,0.0017503826
review_score_div_is_long_distance,0.0017368087
customer_state_MA,0.0016653682
customer_state_PA,0.0016643623
customer_state_CE,0.0016580954
seller_state_MG,0.001608975
seller_state_RS,0.0015594022
payment_type_Debit Card,0.0015537781
product_category_name_automotivo,0.0015055741
customer_state_RN,0.0
customer_state_SE,0.0
is_long_distance,0.0
product_category_name_construcao_ferramentas_jardim,0.0
customer_state_PB,0.0
product_category_name_papelaria,0.0
customer_state_MT,0.0
product_category_name_construcao_ferramentas_seguranca,0.0
product_category_name_fraldas_higiene,0.0
customer_state_TO,0.0
product_category_name_industria_comercio_e_negocios,0.0
product_category_name_pet_shop,0.0
customer_state_SP_div_is_long_distance,0.0
product_category_name_audio,0.0
product_category_name_casa_construcao,0.0
customer_state_PI,0.0
product_category_name_moveis_sala,0.0
seller_state_BA,0.0
product_category_name_casa_conforto_2,0.0
product_category_name_climatizacao,0.0
seller_state_MT,0.0
product_category_name_fashion_underwear_e_moda_praia,0.0
product_category_name_alimentos,0.0
product_category_name_artigos_de_festas,0.0
payment_type_Voucher,0.0
product_category_name_moveis_quarto,0.0
customer_state_PE,0.0
seller_state_DF,0.0
product_category_name_fashion_roupa_masculina,0.0
product_category_name_livros_interesse_geral,0.0
product_category_name_artigos_de_natal,0.0
seller_state_MS,0.0
product_category_name_malas_acessorios,0.0
customer_state_SP_x_is_long_distance,0.0
product_category_name_instrumentos_musicais,0.0
product_category_name_consoles_games,0.0
product_category_name_fashion_calcados,0.0
seller_state_GO,0.0
seller_state_MA,0.0
product_category_name_tablets_impressao_imagem,0.0
product_category_name_cine_foto,0.0
product_category_name_cool_stuff,0.0
product_category_name_artes_e_artesanato,0.0
product_category_name_perfumaria,0.0
product_category_name_eletrodomesticos,0.0
customer_state_MS,0.0
customer_state_SP,0.0
product_category_name_sinalizacao_e_seguranca,0.0
payment_sequential,0.0
product_category_name_telefonia_fixa,0.0
product_category_name_construcao_ferramentas_construcao,0.0
