feature,importance
review_score_squared,0.25934467
review_score,0.18595639
customer_state_SP,0.061998185
review_score_x_customer_state_SP,0.023999875
review_score_div_freight_value,0.022409739
review_score_div_customer_state_SP_squared,0.020897897
review_score_div_customer_state_SP,0.016607527
review_score_div_customer_zip_code_prefix,0.012619592
customer_state_MG,0.011179016
customer_state_RJ_x_freight_value,0.009283792
review_score_x_freight_value,0.008445689
customer_state_SP_div_freight_value,0.008341239
customer_state_PR,0.00813844
customer_state_RJ_div_freight_value,0.007937426
customer_state_RS,0.007908428
customer_state_BA,0.007684648
review_score_x_customer_zip_code_prefix,0.007625785
seller_state_MA,0.0075069093
seller_state_MG,0.0070352284
freight_value_x_customer_zip_code_prefix,0.0070173317
customer_state_AL,0.0068956814
customer_state_RJ_x_customer_zip_code_prefix,0.0066068727
customer_state_RJ,0.006552725
freight_value,0.006550682
product_category_name_cool_stuff,0.0065166163
customer_state_SP_x_freight_value,0.0063558617
product_category_name_alimentos,0.0063230176
product_category_name_fashion_bolsas_e_acessorios,0.005990409
customer_state_SP_x_customer_zip_code_prefix,0.005981271
product_category_name_pet_shop,0.005835416
seller_state_RJ,0.005652092
customer_state_CE,0.005566204
customer_state_SP_div_customer_zip_code_prefix,0.0055312226
customer_zip_code_prefix,0.0055130143
customer_state_DF,0.0054877913
review_score_div_customer_state_RJ,0.0054335077
price,0.005032434
product_category_name_beleza_saude,0.0050093457
product_category_name_informatica_acessorios,0.004983288
product_category_name_cama_mesa_banho,0.004935747
payment_value,0.004908182
payment_type_Credit Card,0.0048905266
product_category_name_ferramentas_jardim,0.004806979
review_score_x_customer_state_RJ,0.0047558793
customer_state_MS,0.00469266
customer_state_ES,0.0046690414
customer_state_SE,0.004641642
seller_zip_code_prefix,0.004609085
product_category_name_bebes,0.004596739
freight_value_div_customer_zip_code_prefix,0.0044607646
seller_state_PR,0.0044256477
product_category_name_automotivo,0.004416145
seller_state_GO,0.0043795533
customer_state_PE,0.004326168
product_category_name_moveis_decoracao,0.0042844936
customer_state_RJ_div_customer_zip_code_prefix,0.0042393687
product_category_name_perfumaria,0.004190435
payment_installments,0.0040956275
product_category_name_esporte_lazer,0.0040580044
product_height_cm,0.0039569787
product_category_name_relogios_presentes,0.0039353287
product_length_cm,0.0039191167
customer_state_SC,0.0038256375
product_description_lenght,0.0038129434
product_category_name_malas_acessorios,0.0036678195
product_category_name_brinquedos,0.0036020696
customer_state_PI,0.0035987298
product_weight_g,0.0035925726
seller_state_DF,0.0035731762
product_photos_qty,0.0035378004
product_category_name_construcao_ferramentas_construcao,0.0035197074
seller_state_BA,0.003498928
product_name_lenght,0.0034867632
seller_state_RS,0.0034837194
customer_state_GO,0.0034751105
product_category_name_telefonia,0.003446387
review_score_x_customer_state_SP_squared,0.0034328941
product_category_name_eletroportateis,0.003401873
product_category_name_eletronicos,0.0033293667
customer_state_MA,0.0033258693
payment_sequential,0.0033190527
payment_type_Voucher,0.0033053989
product_category_name_consoles_games,0.0032741127
customer_state_PA,0.0031064432
seller_state_SC,0.0027004394
product_category_name_market_place,0.0026743582
product_category_name_eletrodomesticos,0.0020593824
customer_state_TO,0.0
product_category_name_audio,0.0
customer_state_RN,0.0
product_category_name_construcao_ferramentas_jardim,0.0
product_category_name_fashion_roupa_masculina,0.0
customer_state_MT,0.0
customer_state_RR,0.0
product_category_name_artes_e_artesanato,0.0
customer_state_SP_div_customer_state_RJ,0.0
product_category_name_musica,0.0
product_category_name_flores,0.0
product_category_name_artigos_de_natal,0.0
customer_state_SP_x_customer_state_RJ,0.0
product_category_name_sinalizacao_e_seguranca,0.0
product_category_name_tablets_impressao_imagem,0.0
customer_state_PB,0.0
