feature,importance
review_score_squared,0.47098175
review_score,0.12980387
review_score_x_customer_state_RJ,0.020855425
review_score_x_customer_state_SP,0.012701344
customer_state_MG,0.011227608
customer_state_SP_div_freight_value,0.010772859
review_score_div_freight_value,0.010555034
customer_state_RJ_div_freight_value,0.009917886
customer_state_RS,0.009505828
freight_value_x_customer_zip_code_prefix,0.007967263
customer_state_RJ_x_freight_value,0.007947995
review_score_x_customer_state_SP_squared,0.007537731
customer_state_CE,0.007354331
customer_state_PR,0.0065814783
review_score_div_customer_zip_code_prefix,0.0065327534
customer_state_SC,0.006047341
product_category_name_fashion_bolsas_e_acessorios,0.005848329
product_category_name_beleza_saude,0.0057943095
review_score_x_customer_zip_code_prefix,0.00551055
product_category_name_bebes,0.0053623565
customer_state_MS,0.005358815
freight_value,0.0053015524
product_category_name_papelaria,0.0050756196
customer_state_RJ_x_customer_zip_code_prefix,0.00490268
customer_state_AL,0.004740224
seller_state_RJ,0.0046805507
product_category_name_cama_mesa_banho,0.004594816
product_category_name_moveis_decoracao,0.004592683
customer_state_DF,0.004546446
customer_state_SP_x_freight_value,0.0044669043
freight_value_div_customer_zip_code_prefix,0.0044427887
seller_state_SC,0.004428243
price,0.0042819176
customer_zip_code_prefix,0.004205142
seller_state_MG,0.0041848584
seller_state_MA,0.0041192896
product_category_name_instrumentos_musicais,0.0040870956
review_score_div_customer_state_SP,0.0040634545
product_category_name_automotivo,0.0040327664
payment_value,0.0040014293
product_category_name_telefonia,0.0039736824
product_category_name_esporte_lazer,0.003885421
review_score_x_freight_value,0.003780783
seller_state_GO,0.0037723489
customer_state_SP_x_customer_zip_code_prefix,0.003770139
product_category_name_relogios_presentes,0.003761609
seller_zip_code_prefix,0.0037368184
customer_state_SP_div_customer_zip_code_prefix,0.0037183382
product_category_name_informatica_acessorios,0.0036945876
seller_state_DF,0.003561342
product_category_name_sinalizacao_e_seguranca,0.003509918
product_length_cm,0.00349563
seller_state_PR,0.0034861227
product_weight_g,0.0033774497
payment_sequential,0.0033372613
customer_state_PA,0.0033166034
customer_state_SE,0.00329849
product_category_name_cool_stuff,0.003260056
customer_state_BA,0.003244353
payment_type_Debit Card,0.0032266234
product_description_lenght,0.0032225512
product_height_cm,0.0032158808
customer_state_RJ_div_customer_zip_code_prefix,0.003195737
product_photos_qty,0.0031864203
product_category_name_consoles_games,0.0031750132
payment_installments,0.0031713212
customer_state_PI,0.0031325626
customer_state_MT,0.003069438
product_name_lenght,0.003046331
customer_state_MA,0.0030139186
customer_state_GO,0.0029653804
product_category_name_ferramentas_jardim,0.0028985173
payment_type_Credit Card,0.0028571454
product_category_name_alimentos,0.002829189
product_category_name_audio,0.0027976583
product_category_name_malas_acessorios,0.0027149497
customer_state_PE,0.0027091235
product_category_name_brinquedos,0.002627384
customer_state_PB,0.0026032852
customer_state_ES,0.0024845304
payment_type_Voucher,0.0023670653
product_category_name_construcao_ferramentas_construcao,0.002353495
product_category_name_livros_tecnicos,0.002341227
customer_state_TO,0.0021770683
product_category_name_artigos_de_natal,0.001989341
product_category_name_pet_shop,0.0016637434
seller_state_BA,0.0015014238
product_category_name_musica,0.0014583484
customer_state_RJ,0.0014557133
customer_state_RN,0.0012616569
product_category_name_market_place,0.0012024936
product_category_name_fashion_esporte,0.0010590123
customer_state_SP,0.00013212253
review_score_div_customer_state_SP_squared,0.0
customer_state_RR,0.0
product_category_name_casa_conforto_2,0.0
customer_state_SP_x_customer_state_RJ,0.0
customer_state_SP_div_customer_state_RJ,0.0
review_score_div_customer_state_RJ,0.0
product_category_name_artigos_de_festas,0.0
product_category_name_livros_importados,0.0
product_category_name_casa_construcao,0.0
product_category_name_fashion_roupa_masculina,0.0
