feature,importance
review_score_squared,0.23526125
review_score_cubed,0.22918712
review_score,0.20657776
seller_avg_delay_x_log_distance_cubed,0.009322493
review_score_div_log_distance_squared,0.008870199
review_score_div_log_distance_cubed,0.008260597
review_score_div_log_distance,0.008172609
seller_avg_delay_x_log_distance,0.007199086
seller_avg_delay_cubed,0.006541715
seller_avg_delay_x_seller_delay_rate,0.006453815
review_score_div_seller_std_delay,0.0061076377
seller_avg_delay_div_seller_delay_rate,0.0055303546
seller_median_delay_x_seller_delay_rate,0.0049914457
review_score_x_log_distance_cubed,0.004715062
seller_avg_delay_squared,0.004217395
seller_median_delay_div_log_distance,0.003914821
seller_delay_rate_x_log_distance,0.0035454985
review_score_div_seller_delay_rate,0.0033179782
review_score_x_log_distance,0.0032283845
seller_avg_delay_x_global_delay_rolling_30d,0.0029581743
seller_avg_delay,0.0028640302
seller_avg_delay_x_distance_km,0.002816244
seller_avg_delay_x_seller_median_delay,0.0026172746
seller_avg_delay_x_log_distance_squared,0.0025664489
seller_delay_rate,0.0025080182
review_score_x_seller_median_delay,0.0024979361
customer_state_PR,0.0024811456
review_score_div_seller_avg_delay,0.00239419
customer_state_PE,0.002267604
product_category_name_brinquedos,0.0022563674
seller_median_delay,0.0022561306
seller_std_delay_div_is_long_distance,0.0022243962
seller_std_delay_x_is_long_distance,0.0021653487
customer_state_GO,0.0021090524
log_distance_x_customer_state_SP,0.0020933098
review_score_x_seller_std_delay,0.0020799662
seller_avg_delay_div_log_distance,0.0020474703
review_score_x_customer_state_SP,0.002038743
seller_delay_rolling_90d,0.0019880866
product_category_name_ferramentas_jardim,0.001971574
product_category_name_malas_acessorios,0.001968035
log_distance_div_customer_state_SP,0.0019541548
product_category_name_cama_mesa_banho,0.0019273171
review_score_x_log_distance_squared,0.0019238645
seller_delay_rate_x_global_delay_rolling_30d,0.0019201699
seller_median_delay_x_log_distance,0.0019169179
customer_state_DF,0.0019103513
customer_state_MG,0.001881842
seller_state_MG,0.0018439123
review_score_x_seller_delay_rate,0.0018428942
review_score_x_seller_avg_delay,0.0018316617
seller_state_PR,0.0018274979
seller_std_delay_x_log_distance,0.0018228355
seller_delay_rate_x_distance_km,0.0018207767
log_distance_x_is_long_distance,0.0018073886
customer_state_SP_x_distance_km,0.0018030431
seller_std_delay_x_global_delay_rolling_30d,0.0018005051
customer_state_RJ,0.0017995546
global_delay_rolling_30d_x_distance_km,0.0017760248
customer_state_AL,0.0017654259
seller_avg_delay_x_is_long_distance,0.0017619053
seller_std_delay,0.0017492636
product_category_name_papelaria,0.0017163449
seller_delay_rate_div_is_long_distance,0.0017102337
review_score_div_seller_median_delay,0.0016987551
product_category_name_informatica_acessorios,0.0016851475
seller_avg_delay_div_distance_km,0.0016484526
seller_delay_rate_div_global_delay_rolling_30d,0.0016475699
global_delay_rolling_30d_x_log_distance,0.0016397214
freight_value,0.0016259375
global_delay_rolling_30d_div_is_long_distance,0.0016253473
product_category_name_moveis_decoracao,0.0016058543
seller_avg_delay_div_is_long_distance,0.001584292
customer_state_SC,0.0015751293
seller_median_delay_x_is_long_distance,0.0015740449
product_category_name_telefonia,0.0015660281
distance_km_x_is_long_distance,0.001560411
seller_delay_rolling_30d,0.0015457029
seller_delay_std_rolling_90d,0.0015403639
product_category_name_bebes,0.0015397801
global_delay_rolling_30d_div_log_distance,0.0015363813
seller_delay_rate_x_is_long_distance,0.0015276963
log_distance_div_distance_km,0.0015061208
seller_std_delay_x_customer_state_SP,0.0014891054
seller_median_delay_x_global_delay_rolling_30d,0.0014870778
seller_order_count,0.0014725744
seller_delay_std_rolling_7d,0.001462235
seller_delay_max_rolling_90d,0.0014576645
seller_avg_delay_x_seller_std_delay,0.0014568805
seller_delay_max_rolling_30d,0.0014428748
seller_lng,0.0014375969
review_score_x_global_delay_rolling_30d,0.0014329725
product_category_name_beleza_saude,0.0014326641
payment_installments,0.0014285271
global_delay_rolling_30d,0.0014282255
seller_std_delay_div_distance_km,0.0014251731
price,0.0014244812
distance_per_freight,0.001422107
customer_lng,0.0014167465
distance_km_div_is_long_distance,0.0014162582
seller_std_delay_div_customer_state_SP,0.0014058732
customer_state_ES,0.0014019632
seller_delay_max_rolling_7d,0.0014016249
global_delay_rolling_30d_div_distance_km,0.0014011482
global_delay_rolling_30d_x_is_long_distance,0.0014006933
seller_delay_rate_div_seller_std_delay,0.0013976073
seller_delay_rolling_7d,0.0013921229
payment_value,0.0013813738
customer_zip_code_prefix,0.0013804485
product_category_name_automotivo,0.0013786319
seller_median_delay_div_seller_delay_rate,0.0013780206
review_score_x_distance_km,0.0013517838
seller_delay_rate_x_customer_state_SP,0.0013509715
seller_avg_delay_div_global_delay_rolling_30d,0.0013406982
seller_std_delay_div_log_distance,0.001336075
seller_avg_delay_div_seller_std_delay,0.0013359144
customer_state_CE,0.0013342584
seller_delay_std_rolling_30d,0.0013327225
seller_median_delay_div_distance_km,0.001331926
seller_median_delay_x_distance_km,0.0013317338
seller_zip_code_prefix,0.0013160392
seller_lat,0.0013149421
product_name_lenght,0.0013095884
seller_std_delay_div_global_delay_rolling_30d,0.0013078974
global_delay_rolling_30d_x_customer_state_SP,0.0013067957
payment_type_Credit Card,0.0012938506
seller_delay_rate_div_customer_state_SP,0.0012913052
seller_avg_price,0.0012911019
seller_delay_rate_div_log_distance,0.0012910054
review_score_div_global_delay_rolling_30d,0.0012909783
log_distance_x_distance_km,0.0012896206
seller_avg_freight,0.0012865746
seller_std_delay_x_distance_km,0.0012692738
product_description_lenght,0.0012681186
product_length_cm,0.0012649845
product_category_name_eletronicos,0.001259696
customer_lat,0.0012590862
seller_avg_delay_div_seller_median_delay,0.0012554169
seller_delay_rate_x_seller_std_delay,0.0012470847
product_category_name_relogios_presentes,0.001246648
product_weight_g,0.0012447617
seller_median_delay_div_global_delay_rolling_30d,0.0012392361
review_score_div_distance_km,0.0012299656
seller_delay_rate_div_distance_km,0.0012240498
payment_type_Voucher,0.0012240497
seller_avg_delay_x_customer_state_SP,0.0012074771
seller_median_delay_div_seller_std_delay,0.0011993472
log_distance,0.0011929285
global_delay_rolling_30d_div_customer_state_SP,0.0011892318
product_height_cm,0.0011778775
distance_km,0.0011713492
seller_median_delay_x_seller_std_delay,0.0011639352
product_photos_qty,0.0011570735
customer_state_SP_div_distance_km,0.0010638318
payment_type_Debit Card,0.0010527044
review_score_div_customer_state_SP,0.0010271895
seller_avg_delay_div_customer_state_SP,0.001021681
seller_median_delay_div_is_long_distance,0.0010158747
seller_median_delay_div_customer_state_SP,0.0010157097
seller_median_delay_x_customer_state_SP,0.0009996181
product_category_name_fashion_bolsas_e_acessorios,0.00095658493
log_distance_div_is_long_distance,0.0009193142
seller_state_SP,0.00089047645
review_score_div_is_long_distance,0.0008816647
customer_state_BA,0.0008756678
customer_state_TO,0.0008707676
product_category_name_esporte_lazer,0.00085821445
seller_state_RJ,0.00083701673
customer_state_MS,0.00082312565
product_category_name_pet_shop,0.00080408965
customer_state_PA,0.0007853085
review_score_x_is_long_distance,0.00066729856
product_category_name_construcao_ferramentas_construcao,0.0002821638
product_category_name_alimentos,0.00024025602
customer_state_SP_div_is_long_distance,0.0
customer_state_SP,0.0
customer_state_RS,0.0
product_category_name_casa_conforto,0.0
customer_state_MT,0.0
customer_state_PI,0.0
product_category_name_telefonia_fixa,0.0
product_category_name_cine_foto,0.0
customer_state_RO,0.0
product_category_name_fashion_esporte,0.0
product_category_name_construcao_ferramentas_seguranca,0.0
product_category_name_casa_construcao,0.0
product_category_name_industria_comercio_e_negocios,0.0
product_category_name_construcao_ferramentas_jardim,0.0
customer_state_RR,0.0
seller_state_BA,0.0
seller_state_DF,0.0
product_category_name_climatizacao,0.0
product_category_name_cool_stuff,0.0
seller_state_GO,0.0
product_category_name_fashion_calcados,0.0
seller_state_RS,0.0
product_category_name_casa_conforto_2,0.0
product_category_name_moveis_cozinha_area_de_servico_jantar_e_jardim,0.0
seller_state_CE,0.0
product_category_name_artes_e_artesanato,0.0
is_long_distance,0.0
product_category_name_instrumentos_musicais,0.0
customer_state_SP_x_is_long_distance,0.0
product_category_name_audio,0.0
customer_state_MA,0.0
product_category_name_consoles_games,0.0
customer_state_PB,0.0
product_category_name_fashion_underwear_e_moda_praia,0.0
payment_sequential,0.0
customer_state_SE,0.0
seller_state_MA,0.0
product_category_name_livros_interesse_geral,0.0
product_category_name_livros_tecnicos,0.0
customer_state_RN,0.0
product_category_name_eletrodomesticos,0.0
product_category_name_moveis_sala,0.0
product_category_name_artes,0.0
product_category_name_tablets_impressao_imagem,0.0
customer_state_AM,0.0
product_category_name_dvds_blu_ray,0.0
