{
  "xgboost_final": {
    "train": {
      "mae": 3.261626720428467,
      "rmse": 4.479584477773118,
      "r2": 0.5241760015487671
    },
    "test": {
      "mae": 3.768752098083496,
      "rmse": 5.368166993785583,
      "r2": 0.33514082431793213
    },
    "n_features": 50,
    "best_params": {
      "n_estimators": 585,
      "max_depth": 6,
      "learning_rate": 0.03286145634326013,
      "subsample": 0.7144934068612943,
      "colsample_bytree": 0.7335740302925329,
      "colsample_bylevel": 0.9447594819835,
      "min_child_weight": 1,
      "gamma": 0.9417270859388982,
      "reg_alpha": 0.599487752553308,
      "reg_lambda": 1.4129215811237843,
      "random_state": 42,
      "n_jobs": -1,
      "verbosity": 0
    }
  },
  "timestamp": "2025-12-02T18:58:20.476731",
  "cross_validation": {
    "best_model": "XGBoost",
    "n_features": 50,
    "n_samples": 38921
  }
}