{
  "xgboost_final": {
    "train": {
      "mae": 3.289354085922241,
      "rmse": 4.536063538054185,
      "r2": 0.5121018886566162
    },
    "test": {
      "mae": 3.765141248703003,
      "rmse": 5.365326982330092,
      "r2": 0.33584415912628174
    },
    "n_features": 50,
    "best_params": {
      "n_estimators": 265,
      "max_depth": 7,
      "learning_rate": 0.04533990684781658,
      "subsample": 0.8407728865116031,
      "colsample_bytree": 0.9183196773851062,
      "colsample_bylevel": 0.84469405922626,
      "min_child_weight": 6,
      "gamma": 0.7891843285874381,
      "reg_alpha": 2.534601026827985,
      "reg_lambda": 2.538517874841586,
      "random_state": 42,
      "n_jobs": -1,
      "verbosity": 0
    }
  },
  "timestamp": "2025-12-02T19:47:55.089418",
  "cross_validation": {
    "best_model": "XGBoost",
    "n_features": 50,
    "n_samples": 38921
  }
}