{
  "xgboost_final": {
    "train": {
      "mae": 4.175865173339844,
      "rmse": 5.597530515314146,
      "r2": 0.5877546072006226
    },
    "test": {
      "mae": 5.559242248535156,
      "rmse": 7.592030522838853,
      "r2": 0.22084951400756836
    },
    "n_features": 50,
    "best_params": {
      "n_estimators": 264,
      "max_depth": 10,
      "learning_rate": 0.06127090922538676,
      "subsample": 0.933532832408878,
      "colsample_bytree": 0.6552492803630611,
      "min_child_weight": 7,
      "gamma": 0.31191673964681427,
      "reg_alpha": 0.2500534697677956,
      "reg_lambda": 0.7410102896639436,
      "random_state": 42,
      "n_jobs": -1,
      "verbosity": 0
    }
  },
  "timestamp": "2025-12-02T18:31:15.116676",
  "cross_validation": {
    "best_model": "XGBoost",
    "n_features": 50,
    "n_samples": 94025
  }
}