{
  "xgboost_final": {
    "train": {
      "mae": 3.3449628353118896,
      "rmse": 4.6265060447126505,
      "r2": 0.4924519658088684
    },
    "test": {
      "mae": 3.769727945327759,
      "rmse": 5.355924780285399,
      "r2": 0.33816981315612793
    },
    "n_features": 80,
    "best_params": {
      "n_estimators": 594,
      "max_depth": 8,
      "learning_rate": 0.013685378370739694,
      "subsample": 0.8208820206786354,
      "colsample_bytree": 0.6243854786825676,
      "colsample_bylevel": 0.6705630888847723,
      "min_child_weight": 8,
      "gamma": 1.1433697061147543,
      "reg_alpha": 4.032108442410557,
      "reg_lambda": 4.18566795602753,
      "max_delta_step": 0,
      "random_state": 42,
      "n_jobs": -1,
      "verbosity": 0
    }
  },
  "timestamp": "2025-12-02T23:41:38.261316",
  "cross_validation": {
    "best_model": "XGBoost",
    "n_features": 80,
    "n_samples": 38921
  }
}