Métrica,Valor
Total de Entregas Completadas,"15,909"
Entregas a Tiempo,"8,879"
Violaciones de SLA,"7,030"
Tasa de Cumplimiento,55.81%
Tasa de Violación,44.19%
,
SLA Prometido (Promedio),19.31 días
SLA Prometido (Mediana),20.19 días
Tiempo Real (Promedio),20.66 días
Tiempo Real (Mediana),20.36 días
,
Desviación Promedio,1.35 días
Desviación Mediana,-0.31 días
Desviación Promedio (solo violaciones),6.25 días
Máxima Violación,21.00 días
,
=== PREDICCIONES DEL MODELO ===,
Órdenes con Predicción,"15,909"
Tiempo Predicho (Promedio),19.95 días
Tiempo Predicho (Mediana),20.35 días
,
Predicción On Time,"9,965"
Predicción Violated,"5,944"
Tasa Predicción On Time,62.64%
Tasa Predicción Violated,37.36%
,
Accuracy Clasificación SLA,74.39%
MAE Predicción,3.08 días
RMSE Predicción,4.34 días
