Métrica,Valor
Total de Entregas Completadas,"38,921"
Entregas a Tiempo,"31,441"
Violaciones de SLA,"7,480"
Tasa de Cumplimiento,80.78%
Tasa de Violación,19.22%
,
SLA Prometido (Promedio),19.11 días
SLA Prometido (Mediana),19.24 días
Tiempo Real (Promedio),15.68 días
Tiempo Real (Mediana),13.82 días
,
Desviación Promedio,-3.43 días
Desviación Mediana,-5.51 días
Desviación Promedio (solo violaciones),7.39 días
Máxima Violación,30.97 días
,
=== PREDICCIONES DEL MODELO ===,
Órdenes con Predicción,"38,921"
Tiempo Predicho (Promedio),14.96 días
Tiempo Predicho (Mediana),14.03 días
,
Predicción On Time,"33,918"
Predicción Violated,"5,003"
Tasa Predicción On Time,87.15%
Tasa Predicción Violated,12.85%
,
Accuracy Clasificación SLA,87.14%
MAE Predicción,3.30 días
RMSE Predicción,4.77 días
