Métrica,Valor
Total de Entregas Completadas,"38,921"
Entregas a Tiempo,"31,441"
Violaciones de SLA,"7,480"
Tasa de Cumplimiento,80.78%
Tasa de Violación,19.22%
,
SLA Prometido (Promedio),19.11 días
SLA Prometido (Mediana),19.24 días
Tiempo Real (Promedio),15.68 días
Tiempo Real (Mediana),13.82 días
,
Desviación Promedio,-3.43 días
Desviación Mediana,-5.51 días
Desviación Promedio (solo violaciones),7.39 días
Máxima Violación,30.97 días
,
=== PREDICCIONES DEL MODELO ===,
Órdenes con Predicción,"38,921"
Tiempo Predicho (Promedio),20.91 días
Tiempo Predicho (Mediana),20.87 días
,
Predicción On Time,0
Predicción Violated,"38,921"
Tasa Predicción On Time,0.00%
Tasa Predicción Violated,100.00%
,
Accuracy Clasificación SLA,19.22%
MAE Predicción,7.12 días
RMSE Predicción,7.86 días
