Métrica,Valor
Total de Entregas Completadas,"94,025"
Entregas a Tiempo,"86,279"
Violaciones de SLA,"7,746"
Tasa de Cumplimiento,91.76%
Tasa de Violación,8.24%
,
SLA Prometido (Promedio),23.14 días
SLA Prometido (Mediana),23.08 días
Tiempo Real (Promedio),12.50 días
Tiempo Real (Mediana),10.24 días
,
Desviación Promedio,-10.64 días
Desviación Mediana,-11.37 días
Desviación Promedio (solo violaciones),8.55 días
Máxima Violación,60.75 días
,
=== PREDICCIONES DEL MODELO ===,
Órdenes con Predicción,"94,025"
Tiempo Predicho (Promedio),11.82 días
Tiempo Predicho (Mediana),10.90 días
,
Predicción On Time,"91,178"
Predicción Violated,"2,847"
Tasa Predicción On Time,96.97%
Tasa Predicción Violated,3.03%
,
Accuracy Clasificación SLA,93.92%
MAE Predicción,4.76 días
RMSE Predicción,6.46 días
