Métrica,Valor
Total de Entregas Completadas,"10,817"
Entregas a Tiempo,"4,743"
Violaciones de SLA,"6,074"
Tasa de Cumplimiento,43.85%
Tasa de Violación,56.15%
,
SLA Prometido (Promedio),19.46 días
SLA Prometido (Mediana),20.38 días
Tiempo Real (Promedio),21.47 días
Tiempo Real (Mediana),21.99 días
,
Desviación Promedio,2.01 días
Desviación Mediana,0.76 días
Desviación Promedio (solo violaciones),4.64 días
Máxima Violación,13.00 días
,
=== PREDICCIONES DEL MODELO ===,
Órdenes con Predicción,"10,817"
Tiempo Predicho (Promedio),20.76 días
Tiempo Predicho (Mediana),21.59 días
,
Predicción On Time,"4,891"
Predicción Violated,"5,926"
Tasa Predicción On Time,45.22%
Tasa Predicción Violated,54.78%
,
Accuracy Clasificación SLA,79.27%
MAE Predicción,1.77 días
RMSE Predicción,2.44 días
