Métrica,Valor
Total de Entregas Completadas,"15,909"
Entregas a Tiempo,"8,879"
Violaciones de SLA,"7,030"
Tasa de Cumplimiento,55.81%
Tasa de Violación,44.19%
,
SLA Prometido (Promedio),19.31 días
SLA Prometido (Mediana),20.19 días
Tiempo Real (Promedio),20.66 días
Tiempo Real (Mediana),20.36 días
,
Desviación Promedio,1.35 días
Desviación Mediana,-0.31 días
Desviación Promedio (solo violaciones),6.25 días
Máxima Violación,21.00 días
,
=== PREDICCIONES DEL MODELO ===,
Órdenes con Predicción,"15,909"
Tiempo Predicho (Promedio),19.98 días
Tiempo Predicho (Mediana),20.42 días
,
Predicción On Time,"9,954"
Predicción Violated,"5,955"
Tasa Predicción On Time,62.57%
Tasa Predicción Violated,37.43%
,
Accuracy Clasificación SLA,73.97%
MAE Predicción,3.10 días
RMSE Predicción,4.33 días
