Métrica,Valor
Total de Entregas Completadas,"11,343"
Entregas a Tiempo,"4,743"
Violaciones de SLA,"6,600"
Tasa de Cumplimiento,41.81%
Tasa de Violación,58.19%
,
SLA Prometido (Promedio),19.70 días
SLA Prometido (Mediana),20.51 días
Tiempo Real (Promedio),22.30 días
Tiempo Real (Mediana),22.50 días
,
Desviación Promedio,2.60 días
Desviación Mediana,0.85 días
Desviación Promedio (solo violaciones),5.44 días
Máxima Violación,16.00 días
,
=== PREDICCIONES DEL MODELO ===,
Órdenes con Predicción,"11,343"
Tiempo Predicho (Promedio),21.41 días
Tiempo Predicho (Mediana),22.45 días
,
Predicción On Time,0
Predicción Violated,"11,343"
Tasa Predicción On Time,0.00%
Tasa Predicción Violated,100.00%
,
Accuracy Clasificación SLA,58.19%
MAE Predicción,3.41 días
RMSE Predicción,4.51 días
