Métrica,Valor
Total de Entregas Completadas,"15,909"
Entregas a Tiempo,"8,879"
Violaciones de SLA,"7,030"
Tasa de Cumplimiento,55.81%
Tasa de Violación,44.19%
,
SLA Prometido (Promedio),19.31 días
SLA Prometido (Mediana),20.19 días
Tiempo Real (Promedio),20.66 días
Tiempo Real (Mediana),20.36 días
,
Desviación Promedio,1.35 días
Desviación Mediana,-0.31 días
Desviación Promedio (solo violaciones),6.25 días
Máxima Violación,21.00 días
,
=== PREDICCIONES DEL MODELO ===,
Órdenes con Predicción,"15,909"
Tiempo Predicho (Promedio),19.96 días
Tiempo Predicho (Mediana),20.38 días
,
Predicción On Time,"9,886"
Predicción Violated,"6,023"
Tasa Predicción On Time,62.14%
Tasa Predicción Violated,37.86%
,
Accuracy Clasificación SLA,75.27%
MAE Predicción,3.00 días
RMSE Predicción,4.21 días
