Métrica,Valor
Total de Entregas Completadas,"15,479"
Entregas a Tiempo,"8,879"
Violaciones de SLA,"6,600"
Tasa de Cumplimiento,57.36%
Tasa de Violación,42.64%
,
SLA Prometido (Promedio),19.17 días
SLA Prometido (Mediana),20.09 días
Tiempo Real (Promedio),20.04 días
Tiempo Real (Mediana),20.08 días
,
Desviación Promedio,0.87 días
Desviación Mediana,-0.40 días
Desviación Promedio (solo violaciones),5.44 días
Máxima Violación,16.00 días
,
=== PREDICCIONES DEL MODELO ===,
Órdenes con Predicción,"15,479"
Tiempo Predicho (Promedio),20.91 días
Tiempo Predicho (Mediana),21.78 días
,
Predicción On Time,0
Predicción Violated,"15,479"
Tasa Predicción On Time,0.00%
Tasa Predicción Violated,100.00%
,
Accuracy Clasificación SLA,42.64%
MAE Predicción,3.99 días
RMSE Predicción,4.79 días
