feature,importance
customer_state_SP,0.21753347
review_score,0.1479451
customer_state_MG,0.050540734
customer_state_RJ,0.03821979
seller_state_PR,0.026745867
customer_state_PR,0.026538389
customer_state_MS,0.0187936
customer_state_CE,0.01836936
seller_state_RJ,0.017025271
freight_value,0.01550462
product_category_name_instrumentos_musicais,0.014673891
product_category_name_beleza_saude,0.013467075
customer_state_DF,0.013436968
customer_zip_code_prefix,0.013322503
seller_state_MA,0.013147702
customer_state_ES,0.013083031
product_category_name_construcao_ferramentas_construcao,0.01292631
product_category_name_cama_mesa_banho,0.012861218
product_category_name_informatica_acessorios,0.01249975
product_category_name_esporte_lazer,0.012393196
seller_state_MG,0.012054963
product_category_name_relogios_presentes,0.011595537
product_category_name_papelaria,0.011582684
price,0.011552233
product_category_name_audio,0.011393142
seller_zip_code_prefix,0.0111587765
customer_state_PE,0.011142711
customer_state_SC,0.011000446
product_category_name_ferramentas_jardim,0.010988345
payment_value,0.010604846
customer_state_AL,0.010556493
product_category_name_telefonia,0.010290099
customer_state_PA,0.010249579
product_length_cm,0.010160135
customer_state_SE,0.009857224
payment_type_Voucher,0.009848236
customer_state_RN,0.009790233
customer_state_MA,0.009317426
product_description_lenght,0.009309506
product_photos_qty,0.009128794
seller_state_GO,0.009078877
product_weight_g,0.008978553
payment_installments,0.008917212
product_height_cm,0.008574767
customer_state_PB,0.008553671
product_category_name_eletrodomesticos,0.007740848
customer_state_GO,0.007699457
product_category_name_malas_acessorios,0.0075276275
customer_state_PI,0.007165361
product_category_name_sinalizacao_e_seguranca,0.0051544257
