feature,importance
review_score,0.23513351
customer_state_SP,0.06947623
customer_state_RJ,0.039136726
customer_state_MG,0.03706775
customer_state_PR,0.023495808
customer_state_CE,0.021327913
customer_state_DF,0.015129078
customer_state_MS,0.015060185
customer_state_RS,0.014861975
customer_zip_code_prefix,0.013435136
freight_value,0.013391667
seller_state_RJ,0.013258551
seller_state_MA,0.012878962
customer_state_PA,0.012104881
seller_state_PR,0.012082198
customer_state_SC,0.011607786
product_category_name_fashion_bolsas_e_acessorios,0.011368918
customer_state_ES,0.01135946
product_category_name_construcao_ferramentas_construcao,0.011270088
product_category_name_instrumentos_musicais,0.010983728
customer_state_MA,0.010867556
customer_state_GO,0.010779423
seller_state_DF,0.010044802
seller_state_MG,0.009980269
product_category_name_bebes,0.009821856
product_category_name_cama_mesa_banho,0.009637549
product_category_name_moveis_decoracao,0.009387781
product_category_name_papelaria,0.009224064
product_category_name_ferramentas_jardim,0.009119145
seller_state_SC,0.009056639
product_category_name_relogios_presentes,0.00893523
customer_state_AL,0.008895177
product_category_name_automotivo,0.008842484
product_category_name_beleza_saude,0.008693677
seller_zip_code_prefix,0.008527162
payment_sequential,0.008499052
payment_type_Debit Card,0.00848104
customer_state_BA,0.008390069
customer_state_PE,0.008365765
product_category_name_esporte_lazer,0.008357514
price,0.008299924
product_category_name_informatica_acessorios,0.00816401
customer_state_SE,0.008115875
payment_value,0.008063387
customer_state_PB,0.0077536795
product_category_name_telefonia,0.00772224
product_length_cm,0.007623584
product_weight_g,0.0070811403
product_height_cm,0.0070687584
product_category_name_cool_stuff,0.006975066
seller_state_GO,0.006959422
product_description_lenght,0.006928318
payment_installments,0.006885338
product_photos_qty,0.0066861985
payment_type_Credit Card,0.0065024234
product_name_lenght,0.0064681647
product_category_name_consoles_games,0.0063895904
product_category_name_brinquedos,0.006209026
payment_type_Voucher,0.0061988863
customer_state_PI,0.006168806
product_category_name_livros_tecnicos,0.006123455
product_category_name_alimentos,0.005940545
customer_state_MT,0.005922442
product_category_name_malas_acessorios,0.0056988043
seller_state_BA,0.005539174
customer_state_RN,0.0050692633
product_category_name_casa_construcao,0.0048597995
customer_state_TO,0.004846101
product_category_name_pet_shop,0.004797139
product_category_name_artigos_de_natal,0.0041017258
product_category_name_musica,0.0037197063
product_category_name_audio,0.0035768328
product_category_name_market_place,0.0032958472
product_category_name_sinalizacao_e_seguranca,0.0031196885
product_category_name_fashion_roupa_masculina,0.0027887952
customer_state_RR,0.0
product_category_name_livros_importados,0.0
product_category_name_casa_conforto_2,0.0
product_category_name_artigos_de_festas,0.0
product_category_name_fashion_esporte,0.0
