feature,importance
customer_state_SP,0.18599603
review_score,0.127266
customer_state_MG,0.03838365
customer_state_RJ,0.027781669
customer_state_PR,0.025079211
customer_state_CE,0.022793647
seller_state_MA,0.018522287
seller_state_RJ,0.018418858
customer_state_DF,0.017875846
product_category_name_instrumentos_musicais,0.017685173
freight_value,0.017062213
customer_state_MS,0.01698179
product_category_name_construcao_ferramentas_construcao,0.01626328
customer_zip_code_prefix,0.016035717
seller_state_PR,0.015880503
product_category_name_beleza_saude,0.015692761
product_category_name_cama_mesa_banho,0.015451941
customer_state_AL,0.014764742
price,0.014717579
product_category_name_informatica_acessorios,0.014156804
product_category_name_papelaria,0.014096434
seller_zip_code_prefix,0.013737555
payment_value,0.013626717
product_category_name_esporte_lazer,0.01325655
product_length_cm,0.01294128
customer_state_ES,0.012779552
seller_state_MG,0.0125312
product_category_name_ferramentas_jardim,0.012490025
customer_state_MA,0.012445272
customer_state_PE,0.0124044325
customer_state_SC,0.01229574
product_category_name_relogios_presentes,0.012194604
product_description_lenght,0.012141895
product_weight_g,0.01213288
product_category_name_malas_acessorios,0.012076009
product_height_cm,0.012042936
customer_state_PA,0.011966467
product_photos_qty,0.011888849
seller_state_GO,0.011630444
customer_state_SE,0.011200897
payment_type_Voucher,0.011192301
payment_installments,0.011129406
customer_state_RN,0.010848746
product_category_name_telefonia,0.010087511
customer_state_PI,0.009984309
product_category_name_audio,0.009631507
customer_state_PB,0.00918921
customer_state_GO,0.009055749
product_category_name_eletrodomesticos,0.007857666
product_category_name_sinalizacao_e_seguranca,0.0043341774
