feature,importance
review_score,0.14633684
customer_state_RJ,0.07786784
seller_state_SP,0.035355076
customer_state_AL,0.02827794
customer_state_RO,0.027963188
customer_state_CE,0.027052578
customer_state_PR,0.026368393
seller_state_MA,0.02380901
customer_state_ES,0.0218167
seller_zip_code_prefix,0.020476913
customer_state_SP,0.019756444
customer_zip_code_prefix,0.019746106
freight_value,0.01967399
customer_state_PA,0.018497411
customer_state_SC,0.018434333
customer_state_MG,0.018300127
product_category_name_cool_stuff,0.017319212
product_category_name_informatica_acessorios,0.017229794
price,0.016076501
customer_state_BA,0.016039867
seller_state_PR,0.015833445
product_category_name_fashion_bolsas_e_acessorios,0.015465856
seller_state_RJ,0.015391495
product_category_name_bebes,0.015080585
product_category_name_automotivo,0.014981961
seller_state_SC,0.014938202
seller_state_RS,0.014791913
product_category_name_cama_mesa_banho,0.014482477
payment_type_Credit Card,0.014333033
product_category_name_telefonia,0.0141935395
payment_value,0.013727759
product_category_name_perfumaria,0.013355521
product_length_cm,0.013330517
product_category_name_eletronicos,0.013326983
product_category_name_papelaria,0.012961427
customer_state_RS,0.012911398
seller_state_MG,0.012866766
product_weight_g,0.012465499
product_description_lenght,0.012432336
product_height_cm,0.012109468
product_photos_qty,0.011911964
product_name_lenght,0.011649542
product_category_name_climatizacao,0.01145738
seller_state_PE,0.011147508
product_category_name_construcao_ferramentas_construcao,0.010643928
product_category_name_alimentos,0.010515918
payment_installments,0.0104456125
seller_state_MT,0.009832589
product_category_name_fashion_roupa_masculina,0.009450829
product_category_name_musica,0.007566251
